...1,sublibrary,Barcode,Filename,Total,cutsite_not_found,low_quality,retained_reads,total_reads_for_sublibrary,prop_sample_per_library,prop_reads_retained_per_sample,...12,...13,...14,...15,...16,...17,...18,...19
0,AMH_macro_1_1_12px_S1,CGATGT-AGTTCC,DS.BA.PIK.U.2,573714,0,56,573658,80804625,0.007100014,0.999902,NA,NA,NA,NA,NA,NA,NA,NA
0,AMH_macro_1_1_12px_S1,TGACCA-CCGTCC,DS.BA.PIK.U.4,354604,0,46,354558,80804625,0.004388412,0.99987,NA,NA,NA,NA,NA,NA,NA,NA
0,AMH_macro_1_1_12px_S1,ACAGTG-GTCCGC,DS.BA.PIK.U.5,456550,0,49,456501,80804625,0.005650048,0.999893,NA,NA,NA,NA,NA,NA,NA,NA
0,AMH_macro_1_1_12px_S1,CAGATC-GTGGCC,DS.BA.DHI.U.2,269188,0,31,269157,80804625,0.003331344,0.999885,NA,NA,NA,NA,NA,NA,NA,NA
0,AMH_macro_1_10_8px_S10,GATCAG-AGTTCC,CD.BA.LA.U.5,569112,0,67,569045,51217894,0.011111585,0.999882,NA,NA,NA,NA,NA,NA,NA,NA
0,AMH_macro_1_10_8px_S10,GGCTAC-CCGTCC,PA.BA.PIK.U.2,34816,0,2,34814,51217894,6.79762e-4,0.999943,NA,NA,NA,NA,NA,NA,NA,NA
0,AMH_macro_1_11_8px_S11,TAGCTT-CCGTCC,CD.BA.TRC.U.4,246226,0,21,246205,70999844,0.003467979,0.999915,NA,NA,NA,NA,NA,NA,NA,NA
0,AMH_macro_1_12_8px_S12,GATCAG-CCGTCC,TO.BA.WBO.U.1,155904,0,12,155892,53535102,0.002912183,0.999923,NA,NA,NA,NA,NA,NA,NA,NA
0,AMH_macro_1_12_8px_S12,GGCTAC-AGTTCC,TO.BA.WBO.U.3,11910,0,1,11909,53535102,2.22471e-4,0.999916,NA,NA,NA,NA,NA,NA,NA,NA
0,AMH_macro_1_13_8px_S13,ACAGTG-CGTACG,TO.BA.WBO.U.5,396294,0,49,396245,62855778,0.006304814,0.999876,NA,NA,NA,NA,NA,NA,NA,NA
0,AMH_macro_1_13_8px_S13,GGCTAC-GTGGCC,CD.BA.LH-2.M.1,53066,0,2,53064,62855778,8.4425e-4,0.999962,NA,NA,NA,NA,NA,NA,NA,NA
0,AMH_macro_1_14_8px_S14,TAGCTT-GTCCGC,EC.BA.LH-2.M.3,97750,0,24,97726,55574200,0.00175891,0.999754,NA,NA,NA,NA,NA,NA,NA,NA
0,AMH_macro_1_14_8px_S14,GGCTAC-GTTTCG,EC.BA.LH-2.M.4,207072,0,32,207040,55574200,0.003726046,0.999845,NA,NA,NA,NA,NA,NA,NA,NA
0,AMH_macro_1_14_8px_S14,CTTGTA-GTGGCC,EC.BA.LH-2.M.5,136010,0,16,135994,55574200,0.002447359,0.999882,NA,NA,NA,NA,NA,NA,NA,NA
0,AMH_macro_1_2_12px_S2,TTAGGC-CCGTCC,DS.BA.GA.U.5,143406,0,21,143385,83932483,0.001708588,0.999854,NA,NA,NA,NA,NA,NA,NA,NA
0,AMH_macro_1_2_12px_S2,GCCAAT-GTCCGC,DS.BA.LH-1.M.3,839690,0,109,839581,83932483,0.010004351,0.99987,NA,NA,NA,NA,NA,NA,NA,NA
0,AMH_macro_1_2_12px_S2,ACTTGA-GTGGCC,DS.BA.LH-1.M.5,354230,0,33,354197,83932483,0.004220416,0.999907,NA,NA,NA,NA,NA,NA,NA,NA
0,AMH_macro_1_3_12px_S3,CGATGT-CCGTCC,DS.BA.CP.U.1,382196,0,62,382134,70641788,0.005410339,0.999838,NA,NA,NA,NA,NA,NA,NA,NA
0,AMH_macro_1_3_12px_S3,TGACCA-AGTTCC,DS.BA.CP.U.3,345884,0,41,345843,70641788,0.004896309,0.999881,NA,NA,NA,NA,NA,NA,NA,NA
0,AMH_macro_1_3_12px_S3,ACAGTG-GTGGCC,DS.BA.CP.U.4,518738,0,55,518683,70641788,0.007343217,0.999894,NA,NA,NA,NA,NA,NA,NA,NA
0,AMH_macro_1_3_12px_S3,CAGATC-GTCCGC,DS.BA.WB.U.1,162790,0,22,162768,70641788,0.002304443,0.999865,NA,NA,NA,NA,NA,NA,NA,NA
0,AMH_macro_1_4_12px_S4,ATCACG-CCGTCC,DS.BA.LL-4.M.2,380834,0,40,380794,68321352,0.005574158,0.999895,NA,NA,NA,NA,NA,NA,NA,NA
0,AMH_macro_1_4_12px_S4,TTAGGC-AGTTCC,DS.BA.LL-4.M.4,230030,0,24,230006,68321352,0.003366883,0.999896,NA,NA,NA,NA,NA,NA,NA,NA
0,AMH_macro_1_4_12px_S4,GCCAAT-GTGGCC,DS.BA.LH-2.M.2,556594,0,72,556522,68321352,0.008146706,0.999871,NA,NA,NA,NA,NA,NA,NA,NA
0,AMH_macro_1_4_12px_S4,ACTTGA-GTCCGC,DS.BA.LH-2.M.4,903868,0,108,903760,68321352,0.013229656,0.999881,NA,NA,NA,NA,NA,NA,NA,NA
0,AMH_macro_1_5_8px_S5,ATCACG-GTCCGC,DS.BA.LA.U.4,899472,0,119,899353,56357888,0.015960002,0.999868,NA,NA,NA,NA,NA,NA,NA,NA
0,AMH_macro_1_5_8px_S5,TTAGGC-GTGGCC,DS.BA.TRC.U.1,89912,0,18,89894,56357888,0.001595376,0.9998,NA,NA,NA,NA,NA,NA,NA,NA
0,AMH_macro_1_5_8px_S5,ACTTGA-CCGTCC,DS.BA.W3.M.1,379320,0,37,379283,56357888,0.006730557,0.999902,NA,NA,NA,NA,NA,NA,NA,NA
0,AMH_macro_1_6_8px_S6,TGACCA-GTGGCC,DS.BA.W3.M.5,539484,0,66,539418,59659439,0.009042727,0.999878,NA,NA,NA,NA,NA,NA,NA,NA
0,AMH_macro_1_6_8px_S6,CAGATC-CCGTCC,DS.BA.AA.U.3,195662,0,22,195640,59659439,0.003279649,0.999888,NA,NA,NA,NA,NA,NA,NA,NA
0,AMH_macro_1_7_8px_S7,ATCACG-GTGGCC,DS.BA.AA.U.5,581116,0,55,581061,56164590,0.010346661,0.999905,NA,NA,NA,NA,NA,NA,NA,NA
0,AMH_macro_1_7_8px_S7,TTAGGC-GTCCGC,DS.BA.RG-1.M.2,256652,0,31,256621,56164590,0.004569641,0.999879,NA,NA,NA,NA,NA,NA,NA,NA
0,AMH_macro_1_7_8px_S7,GCCAAT-CCGTCC,DS.BA.RG-1.M.5,498334,0,52,498282,56164590,0.008872743,0.999896,NA,NA,NA,NA,NA,NA,NA,NA
0,AMH_macro_1_7_8px_S7,ACTTGA-AGTTCC,DS.BA.LL-3.M.2,978278,0,117,978161,56164590,0.017418056,0.99988,NA,NA,NA,NA,NA,NA,NA,NA
0,AMH_macro_1_8_8px_S8,CGATGT-GTGGCC,DS.BA.PSP.M.1,600268,0,60,600208,61903222,0.009696878,0.9999,NA,NA,NA,NA,NA,NA,NA,NA
0,AMH_macro_1_8_8px_S8,TGACCA-GTCCGC,DS.BA.PSP.M.3,705418,0,88,705330,61903222,0.011395497,0.999875,NA,NA,NA,NA,NA,NA,NA,NA
0,AMH_macro_1_8_8px_S8,ACAGTG-CCGTCC,DS.BA.PSP.M.4,433394,0,46,433348,61903222,0.007001154,0.999894,NA,NA,NA,NA,NA,NA,NA,NA
0,AMH_macro_1_8_8px_S8,CAGATC-AGTTCC,DS.BA.RG-2.M.1,252402,0,28,252374,61903222,0.004077365,0.999889,NA,NA,NA,NA,NA,NA,NA,NA
0,AMH_macro_1_9_8px_S9,TAGCTT-AGTTCC,CD.BA.LL-4.M.3,466294,0,50,466244,48769864,0.009561109,0.999893,NA,NA,NA,NA,NA,NA,NA,NA
0,AMH_macro_1_9_8px_S9,CTTGTA-CCGTCC,CD.BA.LL-4.M.5,204652,0,25,204627,48769864,0.00419628,0.999878,NA,NA,NA,NA,NA,NA,NA,NA
0,AMH_macro_10_1_8px_S127,TTAGGC-ATTCCT,TO.MN.L11-TO.M.4,970060,0,113,969947,47328283,0.020496412,0.999884,NA,NA,NA,NA,NA,NA,NA,NA
0,AMH_macro_10_1_8px_S127,GATCAG-AGTTCC,TO.MN.L01-TO.U.1,826832,0,88,826744,47328283,0.017470146,0.999894,NA,NA,NA,NA,NA,NA,NA,NA
0,AMH_macro_10_1_8px_S127,GGCTAC-CCGTCC,TO.MN.L01-TO.U.3,48,0,0,48,47328283,1.01e-6,1,NA,NA,NA,NA,NA,NA,NA,NA
0,AMH_macro_10_10_12px_S136,CGATGT-AGTTCC,DS.MN.L04-DS.M.4,214330,0,33,214297,61370489,0.003492395,0.999846,NA,NA,NA,NA,NA,NA,NA,NA
0,AMH_macro_10_10_12px_S136,TGACCA-CCGTCC,DS.MN.L05-DS.M.1,186416,0,29,186387,61370489,0.003037551,0.999844,NA,NA,NA,NA,NA,NA,NA,NA
0,AMH_macro_10_10_12px_S136,ACAGTG-GTCCGC,DS.MN.L05-DS.M.2,819698,0,90,819608,61370489,0.01335655,0.99989,NA,NA,NA,NA,NA,NA,NA,NA
0,AMH_macro_10_10_12px_S136,CAGATC-GTGGCC,DS.MN.L05-DS.M.4,113942,0,11,113931,61370489,0.001856625,0.999903,NA,NA,NA,NA,NA,NA,NA,NA
0,AMH_macro_10_10_12px_S136,GGCTAC-ACTGAT,DS.MN.L06-DS.M.3,467578,0,71,467507,61370489,0.007618939,0.999848154,NA,NA,NA,NA,NA,NA,NA,NA
0,AMH_macro_10_11_12px_S137,ATCACG-CCGTCC,DS.MN.L06-DS.M.5,422666,0,50,422616,87012209,0.004857548,0.999882,NA,NA,NA,NA,NA,NA,NA,NA
0,AMH_macro_10_11_12px_S137,TTAGGC-AGTTCC,DS.MN.L07-DS.M.2,155906,0,13,155893,87012209,0.001791772,0.999917,NA,NA,NA,NA,NA,NA,NA,NA
0,AMH_macro_10_11_12px_S137,GCCAAT-GTGGCC,DS.MN.L08-DS.M.1,102896,0,10,102886,87012209,0.001182547,0.999903,NA,NA,NA,NA,NA,NA,NA,NA
0,AMH_macro_10_11_12px_S137,ACTTGA-GTCCGC,DS.MN.L08-DS.M.3,948848,0,100,948748,87012209,0.010904769,0.999895,NA,NA,NA,NA,NA,NA,NA,NA
0,AMH_macro_10_12_12px_S138,CGATGT-CCGTCC,DS.MN.L09-DS.M.4,253146,0,24,253122,81590747,0.003102631,0.999905,NA,NA,NA,NA,NA,NA,NA,NA
0,AMH_macro_10_12_12px_S138,TGACCA-AGTTCC,DS.MN.L10-DS.M.1,508802,0,65,508737,81590747,0.006236026,0.999872,NA,NA,NA,NA,NA,NA,NA,NA
0,AMH_macro_10_12_12px_S138,ACAGTG-GTGGCC,DS.MN.L10-DS.M.2,549400,0,68,549332,81590747,0.006733607,0.999876,NA,NA,NA,NA,NA,NA,NA,NA
0,AMH_macro_10_12_12px_S138,CAGATC-GTCCGC,DS.MN.L10-DS.M.4,191142,0,26,191116,81590747,0.002342692,0.999864,NA,NA,NA,NA,NA,NA,NA,NA
0,AMH_macro_10_13_8px_S139,CGATGT-GTCCGC,DS.MN.L12-DS.M.1,727212,0,92,727120,66453007,0.010943252,0.999873,NA,NA,NA,NA,NA,NA,NA,NA
0,AMH_macro_10_13_8px_S139,TGACCA-GTGGCC,DS.MN.L12-DS.M.3,358608,0,29,358579,66453007,0.005396415,0.999919,NA,NA,NA,NA,NA,NA,NA,NA
0,AMH_macro_10_13_8px_S139,ACAGTG-AGTTCC,DS.MN.L12-DS.M.4,725524,0,68,725456,66453007,0.010917851,0.999906,NA,NA,NA,NA,NA,NA,NA,NA
0,AMH_macro_10_13_8px_S139,CAGATC-CCGTCC,DS.MN.L01-DS.U.1,181684,0,22,181662,66453007,0.002734022,0.999879,NA,NA,NA,NA,NA,NA,NA,NA
0,AMH_macro_10_14_8px_S140,TTAGGC-GTGGCC,DS.MN.L01-DS.U.5,229640,0,16,229624,56193011,0.004086629,0.99993,NA,NA,NA,NA,NA,NA,NA,NA
0,AMH_macro_10_14_8px_S140,ACTTGA-CCGTCC,DS.MN.L02-DS.U.5,416302,0,47,416255,56193011,0.00740843,0.999887,NA,NA,NA,NA,NA,NA,NA,NA
0,AMH_macro_10_2_8px_S128,TAGCTT-AGTTCC,TO.MN.L02-TO.U.5,461024,0,43,460981,46686946,0.009874795,0.999907,NA,NA,NA,NA,NA,NA,NA,NA
0,AMH_macro_10_2_8px_S128,GGCTAC-ATGTCA,TO.MN.L03-TO.U.1,786488,0,97,786391,46686946,0.016845994,0.999877,NA,NA,NA,NA,NA,NA,NA,NA
0,AMH_macro_10_2_8px_S128,CTTGTA-CCGTCC,TO.MN.L03-TO.U.2,345842,0,51,345791,46686946,0.007407681,0.999853,NA,NA,NA,NA,NA,NA,NA,NA
0,AMH_macro_10_3_8px_S129,GATCAG-CCGTCC,TO.MN.L04-TO.U.2,998694,0,87,998607,60238573,0.016578978,0.999913,NA,NA,NA,NA,NA,NA,NA,NA
0,AMH_macro_10_3_8px_S129,GGCTAC-AGTTCC,TO.MN.L04-TO.U.4,359530,0,59,359471,60238573,0.005968435,0.999836,NA,NA,NA,NA,NA,NA,NA,NA
0,AMH_macro_10_4_8px_S130,TAGCTT-CCGTCC,TO.MN.L06-TO.U.1,358636,0,46,358590,49736498,0.007210721,0.999872,NA,NA,NA,NA,NA,NA,NA,NA
0,AMH_macro_10_5_8px_S131,TAGCTT-GTCCGC,TO.MN.L07-TO.U.4,648536,0,97,648439,54934827,0.011805553,0.99985,NA,NA,NA,NA,NA,NA,NA,NA
0,AMH_macro_10_5_8px_S131,CTTGTA-GTGGCC,TO.MN.L08-TO.U.1,295104,0,25,295079,54934827,0.005371893,0.999915,NA,NA,NA,NA,NA,NA,NA,NA
0,AMH_macro_10_6_8px_S132,GATCAG-GTCCGC,TO.MN.L09-TO.U.1,438676,0,56,438620,46993313,0.00933486,0.999872,NA,NA,NA,NA,NA,NA,NA,NA
0,AMH_macro_10_6_8px_S132,GGCTAC-GTGGCC,TO.MN.L09-TO.U.3,54690,0,7,54683,46993313,0.001163783,0.999872,NA,NA,NA,NA,NA,NA,NA,NA
0,AMH_macro_10_7_8px_S133,TAGCTT-GTGGCC,TO.MN.L10-TO.U.5,336652,0,40,336612,58700599,0.005735069,0.999881,NA,NA,NA,NA,NA,NA,NA,NA
0,AMH_macro_10_7_8px_S133,CTTGTA-GTCCGC,TO.MN.L11-TO.U.2,722344,0,77,722267,58700599,0.012305564,0.999893,NA,NA,NA,NA,NA,NA,NA,NA
0,AMH_macro_10_8_8px_S134,CAGATC-CGTACG,TO.MN.L11-TO.U.5,360660,0,30,360630,61748404,0.005840799,0.999917,NA,NA,NA,NA,NA,NA,NA,NA
0,AMH_macro_10_8_8px_S134,GGCTAC-GTCCGC,DS.MN.L01-DS.M.4,34518,0,4,34514,61748404,5.5901e-4,0.999884,NA,NA,NA,NA,NA,NA,NA,NA
0,AMH_macro_10_9_12px_S135,ATCACG-AGTTCC,DS.MN.L02-DS.M.1,644128,0,98,644030,86910689,0.007411378,0.999848,NA,NA,NA,NA,NA,NA,NA,NA
0,AMH_macro_10_9_12px_S135,TTAGGC-CCGTCC,DS.MN.L02-DS.M.3,74282,0,10,74272,86910689,8.54693e-4,0.999865,NA,NA,NA,NA,NA,NA,NA,NA
0,AMH_macro_10_9_12px_S135,ACTTGA-GTGGCC,DS.MN.L03-DS.M.3,983542,0,101,983441,86910689,0.011316698,0.999897,NA,NA,NA,NA,NA,NA,NA,NA
0,AMH_macro_11_1_8px_S141,TAGCTT-CCGTCC,DS.MN.L04-DS.U.1,234340,0,20,234320,54014969,0.004338427,0.999915,NA,NA,NA,NA,NA,NA,NA,NA
0,AMH_macro_11_1_8px_S141,CTTGTA-AGTTCC,DS.MN.L04-DS.U.3,900418,0,91,900327,54014969,0.016669786,0.999899,NA,NA,NA,NA,NA,NA,NA,NA
0,AMH_macro_11_10_12px_S150,ATCACG-CCGTCC,LS.MN.L06-LS.U.1,339170,0,44,339126,69445011,0.004884008,0.99987,NA,NA,NA,NA,NA,NA,NA,NA
0,AMH_macro_11_10_12px_S150,TTAGGC-AGTTCC,LS.MN.L06-LS.U.3,98510,0,10,98500,69445011,0.001418532,0.999898,NA,NA,NA,NA,NA,NA,NA,NA
0,AMH_macro_11_10_12px_S150,GCCAAT-GTGGCC,LS.MN.L07-LS.U.1,565048,0,80,564968,69445011,0.008136625,0.999858,NA,NA,NA,NA,NA,NA,NA,NA
0,AMH_macro_11_10_12px_S150,ACTTGA-GTCCGC,LS.MN.L07-LS.U.3,681640,0,82,681558,69445011,0.009815536,0.99988,NA,NA,NA,NA,NA,NA,NA,NA
0,AMH_macro_11_11_12px_S151,CGATGT-AGTTCC,LS.MN.L08-LS.U.4,282516,0,27,282489,62548589,0.004516745,0.999904,NA,NA,NA,NA,NA,NA,NA,NA
0,AMH_macro_11_11_12px_S151,TGACCA-CCGTCC,LS.MN.L09-LS.U.1,259700,0,37,259663,62548589,0.004151972,0.999858,NA,NA,NA,NA,NA,NA,NA,NA
0,AMH_macro_11_11_12px_S151,ACAGTG-GTCCGC,LS.MN.L09-LS.U.2,713256,0,88,713168,62548589,0.011403231,0.999877,NA,NA,NA,NA,NA,NA,NA,NA
0,AMH_macro_11_11_12px_S151,CAGATC-GTGGCC,LS.MN.L09-LS.U.4,130426,0,11,130415,62548589,0.002085195,0.999916,NA,NA,NA,NA,NA,NA,NA,NA
0,AMH_macro_11_11_12px_S151,GGCTAC-ACTGAT,LS.MN.L10-LS.U.3,909026,0,105,908921,62548589,0.014533118,0.999884492,NA,NA,NA,NA,NA,NA,NA,NA
0,AMH_macro_11_12_12px_S152,ATCACG-AGTTCC,LS.MN.L11-LS.U.2,29680,0,0,29680,53470550,5.55072e-4,1,NA,NA,NA,NA,NA,NA,NA,NA
0,AMH_macro_11_12_12px_S152,CGATGT-AGTCAA,LS.MN.L11-LS.U.3,296612,0,34,296578,53470550,0.005547203,0.999885,NA,NA,NA,NA,NA,NA,NA,NA
0,AMH_macro_11_12_12px_S152,TTAGGC-CCGTCC,LS.MN.L11-LS.U.4,6098,0,0,6098,53470550,1.14044e-4,1,NA,NA,NA,NA,NA,NA,NA,NA
0,AMH_macro_11_12_12px_S152,TGACCA-ATGTCA,LS.MN.L11-LS.U.5,482680,0,71,482609,53470550,0.009027025,0.999853,NA,NA,NA,NA,NA,NA,NA,NA
0,AMH_macro_11_12_12px_S152,GCCAAT-GTCCGC,CD.PX.CAM.U.2,887746,0,81,887665,53470550,0.016602522,0.999909,NA,NA,NA,NA,NA,NA,NA,NA
0,AMH_macro_11_12_12px_S152,ACTTGA-GTGGCC,CD.PX.CAM.U.4,485784,0,50,485734,53470550,0.009085076,0.999897,NA,NA,NA,NA,NA,NA,NA,NA
0,AMH_macro_11_12_12px_S152,GGCTAC-ATTCCT,CD.PX.ASH.U.2,262818,0,28,262790,53470550,0.004915192,0.999893462,NA,NA,NA,NA,NA,NA,NA,NA
0,AMH_macro_11_13_8px_S153,TTAGGC-GTCCGC,LS.PX.MON.U.1,160274,0,14,160260,69102464,0.002319367,0.999913,NA,NA,NA,NA,NA,NA,NA,NA
0,AMH_macro_11_13_8px_S153,GCCAAT-CCGTCC,LS.PX.MON.U.4,309320,0,36,309284,69102464,0.004476251,0.999884,NA,NA,NA,NA,NA,NA,NA,NA
0,AMH_macro_11_13_8px_S153,ACTTGA-AGTTCC,LS.PX.MON.U.6,343454,0,33,343421,69102464,0.004970214,0.999904,NA,NA,NA,NA,NA,NA,NA,NA
0,AMH_macro_11_14_8px_S154,CGATGT-GTGGCC,CD.PX.MON.U.1,952858,0,110,952748,61483712,0.015497731,0.999885,NA,NA,NA,NA,NA,NA,NA,NA
0,AMH_macro_11_14_8px_S154,TGACCA-GTCCGC,CD.PX.MON.U.3,999332,0,107,999225,61483712,0.016253606,0.999893,NA,NA,NA,NA,NA,NA,NA,NA
0,AMH_macro_11_14_8px_S154,CAGATC-AGTTCC,CD.PX.PKW.U.1,420600,0,43,420557,61483712,0.006840836,0.999898,NA,NA,NA,NA,NA,NA,NA,NA
0,AMH_macro_11_2_8px_S142,GATCAG-CCGTCC,DS.MN.L05-DS.U.3,758708,0,73,758635,51124212,0.014840483,0.999904,NA,NA,NA,NA,NA,NA,NA,NA
0,AMH_macro_11_2_8px_S142,GGCTAC-AGTTCC,DS.MN.L05-DS.U.5,82860,0,6,82854,51124212,0.001620758,0.999928,NA,NA,NA,NA,NA,NA,NA,NA
0,AMH_macro_11_3_8px_S143,TAGCTT-AGTTCC,DS.MN.L07-DS.U.2,655342,0,72,655270,49214570,0.013316016,0.99989,NA,NA,NA,NA,NA,NA,NA,NA
0,AMH_macro_11_3_8px_S143,CTTGTA-CCGTCC,DS.MN.L07-DS.U.4,327068,0,36,327032,49214570,0.006645756,0.99989,NA,NA,NA,NA,NA,NA,NA,NA
0,AMH_macro_11_4_8px_S144,GATCAG-AGTTCC,DS.MN.L08-DS.U.4,323800,0,36,323764,51729989,0.006259425,0.999889,NA,NA,NA,NA,NA,NA,NA,NA
0,AMH_macro_11_4_8px_S144,GGCTAC-CCGTCC,DS.MN.L09-DS.U.1,36498,0,4,36494,51729989,7.05548e-4,0.99989,NA,NA,NA,NA,NA,NA,NA,NA
0,AMH_macro_11_5_8px_S145,GATCAG-GTGGCC,DS.MN.L10-DS.U.2,418754,0,57,418697,49423598,0.008472754,0.999864,NA,NA,NA,NA,NA,NA,NA,NA
0,AMH_macro_11_5_8px_S145,GGCTAC-GTCCGC,DS.MN.L10-DS.U.4,95826,0,13,95813,49423598,0.001938871,0.999864,NA,NA,NA,NA,NA,NA,NA,NA
0,AMH_macro_11_6_8px_S146,TAGCTT-GTGGCC,PA.MN.L01-TO_PA.M.1,218732,0,24,218708,54538834,0.004010573,0.99989,NA,NA,NA,NA,NA,NA,NA,NA
0,AMH_macro_11_6_8px_S146,GGCTAC-GTGAAA,PA.MN.L01-TO_PA.M.2,642064,0,62,642002,54538834,0.011772602,0.999903,NA,NA,NA,NA,NA,NA,NA,NA
0,AMH_macro_11_6_8px_S146,CTTGTA-GTCCGC,PA.MN.L01-TO_PA.M.3,728174,0,81,728093,54538834,0.013351477,0.999889,NA,NA,NA,NA,NA,NA,NA,NA
0,AMH_macro_11_7_8px_S147,GATCAG-GTCCGC,LS.MN.L01-LS.M.3,489254,0,44,489210,68833077,0.007107833,0.99991,NA,NA,NA,NA,NA,NA,NA,NA
0,AMH_macro_11_7_8px_S147,GGCTAC-GTGGCC,LS.MN.L01-LS.M.5,40462,0,4,40458,68833077,5.87828e-4,0.999901,NA,NA,NA,NA,NA,NA,NA,NA
0,AMH_macro_11_8_8px_S148,ACTTGA-ACTGAT,LS.MN.L01-LS.U.5,125446,0,15,125431,51377193,0.002441667,0.99988,NA,NA,NA,NA,NA,NA,NA,NA
0,AMH_macro_11_8_8px_S148,TAGCTT-GTCCGC,LS.MN.L02-LS.U.2,415362,0,36,415326,51377193,0.00808456,0.999913,NA,NA,NA,NA,NA,NA,NA,NA
0,AMH_macro_11_8_8px_S148,GGCTAC-GTTTCG,LS.MN.L02-LS.U.3,799382,0,104,799278,51377193,0.015559083,0.99987,NA,NA,NA,NA,NA,NA,NA,NA
0,AMH_macro_11_8_8px_S148,CTTGTA-GTGGCC,LS.MN.L02-LS.U.4,5396,0,1,5395,51377193,1.05027e-4,0.999815,NA,NA,NA,NA,NA,NA,NA,NA
0,AMH_macro_11_9_12px_S149,AATCACG-ATGTCA,LS.MN.L02-LS.U.5,476,0,0,476,45650487,1.04e-5,1,NA,NA,NA,NA,NA,NA,NA,NA
0,AMH_macro_11_9_12px_S149,CGATGT-CCGTCC,LS.MN.L03-LS.U.1,533424,0,59,533365,45650487,0.011684957,0.999889,NA,NA,NA,NA,NA,NA,NA,NA
0,AMH_macro_11_9_12px_S149,TGACCA-AGTTCC,LS.MN.L03-LS.U.3,6082,0,0,6082,45650487,1.3323e-4,1,NA,NA,NA,NA,NA,NA,NA,NA
0,AMH_macro_11_9_12px_S149,ACAGTG-GTGGCC,LS.MN.L04-LS.U.1,743856,0,80,743776,45650487,0.016294591,0.999892,NA,NA,NA,NA,NA,NA,NA,NA
0,AMH_macro_11_9_12px_S149,CAGATC-GTCCGC,LS.MN.L04-LS.U.3,498414,0,65,498349,45650487,0.010918043,0.99987,NA,NA,NA,NA,NA,NA,NA,NA
0,AMH_macro_12_1_8px_S155,GATCAG-CCGTCC,LS.PX.PKW.U.2,60368,0,8,60360,64463929,9.36462e-4,0.999867,NA,NA,NA,NA,NA,NA,NA,NA
0,AMH_macro_12_1_8px_S155,GGCTAC-AGTTCC,LS.PX.PKW.U.4,51004,0,3,51001,64463929,7.91202e-4,0.999941,NA,NA,NA,NA,NA,NA,NA,NA
0,AMH_macro_12_10_12px_S164,CGATGT-CCGTCC,EC.PX.BUF.M.2,297306,0,32,297274,128621666,0.002311477,0.999892,NA,NA,NA,NA,NA,NA,NA,NA
0,AMH_macro_12_10_12px_S164,TGACCA-AGTTCC,EC.PX.BUF.M.4,852326,0,90,852236,128621666,0.006626613,0.999894,NA,NA,NA,NA,NA,NA,NA,NA
0,AMH_macro_12_10_12px_S164,ACAGTG-GTGGCC,EC.PX.BUF.M.5,792624,0,91,792533,128621666,0.006162445,0.999885,NA,NA,NA,NA,NA,NA,NA,NA
0,AMH_macro_12_10_12px_S164,GGCTAC-CGTACG,PA.PX.BUF.M.5,1170068,0,146,1169922,128621666,0.009096974,0.999875221,NA,NA,NA,NA,NA,NA,NA,NA
0,AMH_macro_12_11_12px_S165,TTAGGC-CCGTCC,CD.PX.BUF.M.4,166122,0,22,166100,86112066,0.001929137,0.999868,NA,NA,NA,NA,NA,NA,NA,NA
0,AMH_macro_12_11_12px_S165,GCCAAT-GTCCGC,LS.PX.BUF.M.1,102060,0,13,102047,86112066,0.0011852,0.999873,NA,NA,NA,NA,NA,NA,NA,NA
0,AMH_macro_12_11_12px_S165,CAGATC-GTTTCG,LS.PX.BUF.M.2,208218,0,18,208200,86112066,0.002417989,0.999914,NA,NA,NA,NA,NA,NA,NA,NA
0,AMH_macro_12_11_12px_S165,ACTTGA-GTGGCC,LS.PX.BUF.M.3,50704,0,4,50700,86112066,5.88814e-4,0.999921,NA,NA,NA,NA,NA,NA,NA,NA
0,AMH_macro_12_11_12px_S165,GGCTAC-ATTCCT,TO.PX.BUF.M.3,197022,0,33,196989,86112066,0.002287972,0.999832506,NA,NA,NA,NA,NA,NA,NA,NA
0,AMH_macro_12_12_12px_S166,TGACCA-CCGTCC,DS.PX.PIE.M.5,244278,0,26,244252,81546899,0.002995552,0.999894,NA,NA,NA,NA,NA,NA,NA,NA
0,AMH_macro_12_12_12px_S166,ACAGTG-GTCCGC,LS.PX.PIE.M.1,285036,0,28,285008,81546899,0.003495363,0.999902,NA,NA,NA,NA,NA,NA,NA,NA
0,AMH_macro_12_12_12px_S166,CAGATC-GTGGCC,LS.PX.PIE.M.3,44994,0,6,44988,81546899,5.51756e-4,0.999867,NA,NA,NA,NA,NA,NA,NA,NA
0,AMH_macro_12_13_8px_S167,CGATGT-GTGGCC,PA.PX.PIE.M.5,969572,0,112,969460,62954635,0.015401122,0.999884,NA,NA,NA,NA,NA,NA,NA,NA
0,AMH_macro_12_13_8px_S167,TTAGGC-GTGAAA,TO.PX.PIE.M.1,659080,0,84,658996,62954635,0.010469126,0.999873,NA,NA,NA,NA,NA,NA,NA,NA
0,AMH_macro_12_13_8px_S167,TGACCA-GTCCGC,EC.PX.PIE.M.1,315978,0,37,315941,62954635,0.005019138,0.999883,NA,NA,NA,NA,NA,NA,NA,NA
0,AMH_macro_12_13_8px_S167,CAGATC-AGTTCC,PA.PX.LAP.M.3,572624,0,49,572575,62954635,0.00909582,0.999914,NA,NA,NA,NA,NA,NA,NA,NA
0,AMH_macro_12_14_8px_S168,TTAGGC-GTCCGC,CD.PX.LAP.M.2,463624,0,59,463565,62602478,0.007405841,0.999873,NA,NA,NA,NA,NA,NA,NA,NA
0,AMH_macro_12_14_8px_S168,CAGATC-AGTCAA,TO.PX.LAP.M.1,768070,0,107,767963,62602478,0.012269003,0.999861,NA,NA,NA,NA,NA,NA,NA,NA
0,AMH_macro_12_14_8px_S168,ACTTGA-AGTTCC,TO.PX.LAP.M.2,230690,0,23,230667,62602478,0.003684998,0.9999,NA,NA,NA,NA,NA,NA,NA,NA
0,AMH_macro_12_2_8px_S156,TAGCTT-CCGTCC,CD.PX.RRT.U.1,214400,0,32,214368,55892731,0.003835919,0.999851,NA,NA,NA,NA,NA,NA,NA,NA
0,AMH_macro_12_2_8px_S156,CTTGTA-AGTTCC,CD.PX.RRT.U.3,812222,0,102,812120,55892731,0.0145318,0.999874,NA,NA,NA,NA,NA,NA,NA,NA
0,AMH_macro_12_3_8px_S157,GATCAG-AGTTCC,CD.PX.ALA.M.3,651558,0,63,651495,51106463,0.012749033,0.999903,NA,NA,NA,NA,NA,NA,NA,NA
0,AMH_macro_12_3_8px_S157,GGCTAC-CCGTCC,CD.PX.ALA.M.5,55542,0,13,55529,51106463,0.00108679,0.999766,NA,NA,NA,NA,NA,NA,NA,NA
0,AMH_macro_12_3_8px_S157,CTTGTA-ATGTCA,LS.PX.ALA.M.1,612334,0,77,612257,51106463,0.011981537,0.999874,NA,NA,NA,NA,NA,NA,NA,NA
0,AMH_macro_12_4_8px_S158,TAGCTT-AGTTCC,TO.PX.ALA.M.1,535876,0,60,535816,61258063,0.008747844,0.999888,NA,NA,NA,NA,NA,NA,NA,NA
0,AMH_macro_12_5_8px_S159,TAGCTT-GTGGCC,PA.PX.ALA.M.4,643168,0,68,643100,55300858,0.011630344,0.999894,NA,NA,NA,NA,NA,NA,NA,NA
0,AMH_macro_12_5_8px_S159,CTTGTA-GTCCGC,EC.PX.ALA.M.1,787294,0,80,787214,55300858,0.01423656,0.999898,NA,NA,NA,NA,NA,NA,NA,NA
0,AMH_macro_12_6_8px_S160,CAGATC-CGTACG,EC.PX.ALA.M.4,969894,0,81,969813,64439056,0.015051338,0.999916,NA,NA,NA,NA,NA,NA,NA,NA
0,AMH_macro_12_6_8px_S160,GGCTAC-GTCCGC,CD.PX.PAL.M.2,408172,0,56,408116,64439056,0.006334233,0.999863,NA,NA,NA,NA,NA,NA,NA,NA
0,AMH_macro_12_7_8px_S161,TAGCTT-GTCCGC,LS.PX.PAL.M.4,226666,0,21,226645,69863464,0.003244414,0.999907,NA,NA,NA,NA,NA,NA,NA,NA
0,AMH_macro_12_8_8px_S162,GATCAG-GTCCGC,DS.PX.MTN.M.1,720934,0,93,720841,71065601,0.010144627,0.999871,NA,NA,NA,NA,NA,NA,NA,NA
0,AMH_macro_12_8_8px_S162,GGCTAC-GTGGCC,DS.PX.MTN.M.3,140932,0,11,140921,71065601,0.001983125,0.999922,NA,NA,NA,NA,NA,NA,NA,NA
0,AMH_macro_12_9_12px_S163,TTAGGC-AGTTCC,EC.PX.MTN.M.1,167366,0,9,167357,79528001,0.002104491,0.999946,NA,NA,NA,NA,NA,NA,NA,NA
0,AMH_macro_12_9_12px_S163,GCCAAT-GTGGCC,EC.PX.MTN.M.4,303240,0,31,303209,79528001,0.003812997,0.999898,NA,NA,NA,NA,NA,NA,NA,NA
0,AMH_macro_12_9_12px_S163,CAGATC-GTGAAA,EC.PX.MTN.M.5,490148,0,59,490089,79528001,0.006163213,0.99988,NA,NA,NA,NA,NA,NA,NA,NA
0,AMH_macro_12_9_12px_S163,ACTTGA-GTCCGC,CD.PX.MTN.M.1,914886,0,102,914784,79528001,0.011503948,0.999889,NA,NA,NA,NA,NA,NA,NA,NA
0,AMH_macro_13_1_8px_S169,CAGATC-ACTGAT,TO.PX.LAP.M.5,866156,0,98,866058,60904779,0.014221478,0.999887,NA,NA,NA,NA,NA,NA,NA,NA
0,AMH_macro_13_1_8px_S169,GGCTAC-GTGGCC,DS.PX.LAP.M.4,154564,0,18,154546,60904779,0.002537798,0.999884,NA,NA,NA,NA,NA,NA,NA,NA
0,AMH_macro_13_10_8px_S178,ATCACG-GTGAAA,LS.PX.NUE.M.5,310096,0,32,310064,56017175,0.005535731,0.999897,NA,NA,NA,NA,NA,NA,NA,NA
0,AMH_macro_13_10_8px_S178,CGATGT-GTCCGC,CD.PX.NUE.M.1,110912,0,8,110904,56017175,0.001979964,0.999928,NA,NA,NA,NA,NA,NA,NA,NA
0,AMH_macro_13_10_8px_S178,TGACCA-GTGGCC,CD.PX.NUE.M.3,265612,0,29,265583,56017175,0.004741617,0.999891,NA,NA,NA,NA,NA,NA,NA,NA
0,AMH_macro_13_10_8px_S178,ACAGTG-AGTTCC,CD.PX.NUE.M.4,441164,0,53,441111,56017175,0.007875513,0.99988,NA,NA,NA,NA,NA,NA,NA,NA
0,AMH_macro_13_10_8px_S178,CAGATC-CCGTCC,DS.PX.NUE.M.1,98998,0,12,98986,56017175,0.001767279,0.999879,NA,NA,NA,NA,NA,NA,NA,NA
0,AMH_macro_13_11_8px_S179,ATCACG-GTGGCC,DS.PX.NUE.M.3,702122,0,75,702047,87303263,0.008042334,0.999893,NA,NA,NA,NA,NA,NA,NA,NA
0,AMH_macro_13_11_8px_S179,TTAGGC-GTCCGC,EC.PX.NUE.M.1,221794,0,38,221756,87303263,0.002540501,0.999829,NA,NA,NA,NA,NA,NA,NA,NA
0,AMH_macro_13_12_8px_S180,CGATGT-GTGGCC,PA.PX.DF1.M.1,577422,0,56,577366,64562580,0.008943602,0.999903,NA,NA,NA,NA,NA,NA,NA,NA
0,AMH_macro_13_12_8px_S180,TGACCA-GTCCGC,PA.PX.DF1.M.3,626980,0,73,626907,64562580,0.009711198,0.999884,NA,NA,NA,NA,NA,NA,NA,NA
0,AMH_macro_13_12_8px_S180,ACAGTG-CCGTCC,PA.PX.DF1.M.4,354106,0,48,354058,64562580,0.005484694,0.999864,NA,NA,NA,NA,NA,NA,NA,NA
0,AMH_macro_13_12_8px_S180,CAGATC-AGTTCC,CD.PX.DF1.M.1,623398,0,62,623336,64562580,0.009655717,0.999901,NA,NA,NA,NA,NA,NA,NA,NA
0,AMH_macro_13_2_8px_S170,TAGCTT-GTCCGC,TO.PX.WES.M.3,215016,0,24,214992,57423880,0.003744366,0.999888,NA,NA,NA,NA,NA,NA,NA,NA
0,AMH_macro_13_2_8px_S170,GGCTAC-GTTTCG,TO.PX.WES.M.4,584514,0,70,584444,57423880,0.010178936,0.99988,NA,NA,NA,NA,NA,NA,NA,NA
0,AMH_macro_13_2_8px_S170,CTTGTA-GTGGCC,TO.PX.WES.M.5,219710,0,22,219688,57423880,0.003826109,0.9999,NA,NA,NA,NA,NA,NA,NA,NA
0,AMH_macro_13_3_8px_S171,GATCAG-GTGGCC,EC.PX.WES.M.5,424222,0,44,424178,55110467,0.007697667,0.999896,NA,NA,NA,NA,NA,NA,NA,NA
0,AMH_macro_13_3_8px_S171,GGCTAC-GTCCGC,CD.PX.WES.M.2,209962,0,19,209943,55110467,0.003809839,0.99991,NA,NA,NA,NA,NA,NA,NA,NA
0,AMH_macro_13_4_8px_S172,TAGCTT-GTGGCC,DS.PX.WES.M.4,523592,0,57,523535,54524524,0.009602872,0.999891,NA,NA,NA,NA,NA,NA,NA,NA
0,AMH_macro_13_4_8px_S172,CTTGTA-GTCCGC,DS.PX.MAN.M.1,518576,0,67,518509,54524524,0.009510876,0.999871,NA,NA,NA,NA,NA,NA,NA,NA
0,AMH_macro_13_6_8px_S174,TGACCA-ACTGAT,EC.PX.MAN.M.2,301434,0,38,301396,56290346,0.005354986,0.999874,NA,NA,NA,NA,NA,NA,NA,NA
0,AMH_macro_13_6_8px_S174,GATCAG-AGTTCC,EC.PX.MAN.M.3,816156,0,94,816062,56290346,0.01449904,0.999885,NA,NA,NA,NA,NA,NA,NA,NA
0,AMH_macro_13_6_8px_S174,GGCTAC-CCGTCC,EC.PX.MAN.M.5,27916,0,7,27909,56290346,4.95929e-4,0.999749,NA,NA,NA,NA,NA,NA,NA,NA
0,AMH_macro_13_7_8px_S175,TAGCTT-CCGTCC,CD.PX.CLA.M.5,204068,0,48,204020,47689595,0.004279089,0.999765,NA,NA,NA,NA,NA,NA,NA,NA
0,AMH_macro_13_7_8px_S175,GGCTAC-AGTCAA,PA.PX.CLA.M.1,868756,0,104,868652,47689595,0.018216888,0.99988,NA,NA,NA,NA,NA,NA,NA,NA
0,AMH_macro_13_7_8px_S175,CTTGTA-AGTTCC,LS.PX.CLA.M.1,55506,0,3,55503,47689595,0.001163902,0.999946,NA,NA,NA,NA,NA,NA,NA,NA
0,AMH_macro_13_8_8px_S176,ATCACG-ATTCCT,LS.PX.CLA.M.2,724788,0,86,724702,59017095,0.012280984,0.999881,NA,NA,NA,NA,NA,NA,NA,NA
0,AMH_macro_13_8_8px_S176,TTAGGC-GAGTGG,TO.PX.CLA.M.2,634024,0,70,633954,59017095,0.010743057,0.99989,NA,NA,NA,NA,NA,NA,NA,NA
0,AMH_macro_13_8_8px_S176,GATCAG-CCGTCC,CD.PX.PSC.M.2,958784,0,113,958671,59017095,0.016245869,0.999882,NA,NA,NA,NA,NA,NA,NA,NA
0,AMH_macro_13_8_8px_S176,GGCTAC-AGTTCC,CD.PX.PSC.M.4,167842,0,18,167824,59017095,0.002843956,0.999893,NA,NA,NA,NA,NA,NA,NA,NA
0,AMH_macro_13_9_8px_S177,TTAGGC-GTGGCC,EC.PX.PSC.M.3,245578,0,41,245537,62321702,0.003940489,0.999833,NA,NA,NA,NA,NA,NA,NA,NA
0,AMH_macro_13_9_8px_S177,GCCAAT-AGTTCC,LS.PX.NUE.M.2,428988,0,44,428944,62321702,0.006883445,0.999897,NA,NA,NA,NA,NA,NA,NA,NA
0,AMH_macro_13_9_8px_S177,ACTTGA-CCGTCC,LS.PX.NUE.M.4,441088,0,50,441038,62321702,0.007077599,0.999887,NA,NA,NA,NA,NA,NA,NA,NA
0,AMH_macro_14_1_8px_S181,TAGCTT-GTCCGC,EC.PX.DF1.M.3,799802,0,113,799689,58414898,0.013691747,0.999859,NA,NA,NA,NA,NA,NA,NA,NA
0,AMH_macro_14_1_8px_S181,GGCTAC-GTTTCG,EC.PX.DF1.M.4,740026,0,82,739944,58414898,0.012668446,0.999889,NA,NA,NA,NA,NA,NA,NA,NA
0,AMH_macro_14_1_8px_S181,CTTGTA-GTGGCC,EC.PX.DF1.M.5,454106,0,38,454068,58414898,0.007773805,0.999916,NA,NA,NA,NA,NA,NA,NA,NA
0,AMH_macro_14_10_8px_S190,TTAGGC-GTGGCC,CD.PX.COY.M.3,52622,0,14,52608,43314724,0.001214876,0.999734,NA,NA,NA,NA,NA,NA,NA,NA
0,AMH_macro_14_10_8px_S190,GCCAAT-AGTTCC,CD.PX.NET.U.1,844532,0,88,844444,43314724,0.019497573,0.999896,NA,NA,NA,NA,NA,NA,NA,NA
0,AMH_macro_14_10_8px_S190,ACTTGA-CCGTCC,CD.PX.NET.U.3,48,0,0,48,43314724,1.11e-6,1,NA,NA,NA,NA,NA,NA,NA,NA
0,AMH_macro_14_11_8px_S191,CGATGT-GTGGCC,CD.PX.NET.U.5,732170,0,88,732082,73000716,0.010029628,0.99988,NA,NA,NA,NA,NA,NA,NA,NA
0,AMH_macro_14_11_8px_S191,TTAGGC-GTGAAA,LS.PX.NTH.M.1,831640,0,98,831542,73000716,0.011392217,0.999882,NA,NA,NA,NA,NA,NA,NA,NA
0,AMH_macro_14_11_8px_S191,TGACCA-GTCCGC,LS.PX.NTH.M.2,179224,0,22,179202,73000716,0.002455099,0.999877,NA,NA,NA,NA,NA,NA,NA,NA
0,AMH_macro_14_11_8px_S191,ACAGTG-CCGTCC,LS.PX.NTH.M.3,25974,0,1,25973,73000716,3.55805e-4,0.999961,NA,NA,NA,NA,NA,NA,NA,NA
0,AMH_macro_14_11_8px_S191,CAGATC-AGTTCC,CD.PX.RPC.M.2,616932,0,65,616867,73000716,0.00845104,0.999895,NA,NA,NA,NA,NA,NA,NA,NA
0,AMH_macro_14_12_8px_S192,TTAGGC-GTCCGC,LS.PX.RPL.U.1,92132,0,12,92120,64970729,0.001418054,0.99987,NA,NA,NA,NA,NA,NA,NA,NA
0,AMH_macro_14_12_8px_S192,GCCAAT-CCGTCC,LS.PX.RPL.U.4,144398,0,23,144375,64970729,0.002222509,0.999841,NA,NA,NA,NA,NA,NA,NA,NA
0,AMH_macro_14_13_4px_S193,TTAGGC-CCGTCC,PA.PX.RPP.U.4,97094,0,11,97083,32562816,0.002981745,0.999887,NA,NA,NA,NA,NA,NA,NA,NA
0,AMH_macro_14_2_8px_S182,CAGATC-ACTGAT,TO.PX.DF1.M.2,400506,0,41,400465,57477616,0.006968034,0.999898,NA,NA,NA,NA,NA,NA,NA,NA
0,AMH_macro_14_2_8px_S182,GGCTAC-GTGGCC,DS.PX.DF2.M.4,109624,0,12,109612,57477616,0.001907247,0.999891,NA,NA,NA,NA,NA,NA,NA,NA
0,AMH_macro_14_2_8px_S182,CTTGTA-GTTTCG,LS.PX.DF2.M.1,693868,0,67,693801,57477616,0.012071969,0.999903,NA,NA,NA,NA,NA,NA,NA,NA
0,AMH_macro_14_3_8px_S183,ACAGTG-ATTCCT,LS.PX.DF2.M.2,885592,0,131,885461,55672462,0.015907182,0.999852,NA,NA,NA,NA,NA,NA,NA,NA
0,AMH_macro_14_3_8px_S183,TAGCTT-GTGGCC,CD.PX.ENC.M.4,544640,0,59,544581,55672462,0.009782934,0.999892,NA,NA,NA,NA,NA,NA,NA,NA
0,AMH_macro_14_3_8px_S183,CTTGTA-GTCCGC,PA.PX.ENC.M.1,922722,0,88,922634,55672462,0.016574119,0.999905,NA,NA,NA,NA,NA,NA,NA,NA
0,AMH_macro_14_4_8px_S184,GATCAG-GTGGCC,LS.PX.ENC.M.1,225758,0,22,225736,62893881,0.003589507,0.999903,NA,NA,NA,NA,NA,NA,NA,NA
0,AMH_macro_14_4_8px_S184,GGCTAC-GTCCGC,LS.PX.ENC.M.3,50056,0,4,50052,62893881,7.9588e-4,0.99992,NA,NA,NA,NA,NA,NA,NA,NA
0,AMH_macro_14_5_8px_S185,GGCTAC-CCGTCC,LS.PX.DOW.M.1,8780,0,1,8779,58191043,1.50882e-4,0.999886,NA,NA,NA,NA,NA,NA,NA,NA
0,AMH_macro_14_6_8px_S186,TTAGGC-ACTGAT,LS.PX.DOW.M.5,181594,0,27,181567,65166517,0.002786615,0.999851,NA,NA,NA,NA,NA,NA,NA,NA
0,AMH_macro_14_7_8px_S187,GATCAG-CCGTCC,EC.PX.DOW.M.5,802228,0,117,802111,62869089,0.012760293,0.999854,NA,NA,NA,NA,NA,NA,NA,NA
0,AMH_macro_14_7_8px_S187,TAGCTT-ATGTCA,LS.PX.COY.M.1,873850,0,93,873757,62869089,0.013899517,0.999894,NA,NA,NA,NA,NA,NA,NA,NA
0,AMH_macro_14_7_8px_S187,GGCTAC-AGTTCC,LS.PX.COY.M.2,23964,0,8,23956,62869089,3.81173e-4,0.999666,NA,NA,NA,NA,NA,NA,NA,NA
0,AMH_macro_14_8_8px_S188,TAGCTT-CCGTCC,EC.PX.COY.M.4,671598,0,90,671508,57127677,0.011756088,0.999866,NA,NA,NA,NA,NA,NA,NA,NA
0,AMH_macro_14_8_8px_S188,CTTGTA-AGTTCC,EC.PX.COY.M.6,549352,0,51,549301,57127677,0.009616215,0.999907,NA,NA,NA,NA,NA,NA,NA,NA
0,AMH_macro_14_9_8px_S189,CGATGT-GTCCGC,TO.PX.COY.M.2,580252,0,81,580171,51854414,0.011190021,0.99986,NA,NA,NA,NA,NA,NA,NA,NA
0,AMH_macro_14_9_8px_S189,TGACCA-GTGGCC,TO.PX.COY.M.4,367116,0,34,367082,51854414,0.007079744,0.999907,NA,NA,NA,NA,NA,NA,NA,NA
0,AMH_macro_14_9_8px_S189,ACAGTG-AGTTCC,TO.PX.COY.M.5,277516,0,19,277497,51854414,0.00535183,0.999932,NA,NA,NA,NA,NA,NA,NA,NA
0,AMH_macro_14_9_8px_S189,CAGATC-CCGTCC,TO.PX.COY.M.7,116564,0,20,116544,51854414,0.002247909,0.999828,NA,NA,NA,NA,NA,NA,NA,NA
0,AMH_macro_2_1_12px_S15,TTAGGC-CCGTCC,CD.BA.PIK.U.3,199906,0,18,199888,92154517,0.002169248,0.99991,NA,NA,NA,NA,NA,NA,NA,NA
0,AMH_macro_2_1_12px_S15,GCCAAT-GTCCGC,EC.BA.WBO.U.1,216166,0,22,216144,92154517,0.002345691,0.999898,NA,NA,NA,NA,NA,NA,NA,NA
0,AMH_macro_2_1_12px_S15,CAGATC-GTTTCG,EC.BA.WBO.U.2,583786,0,58,583728,92154517,0.00633486,0.999901,NA,NA,NA,NA,NA,NA,NA,NA
0,AMH_macro_2_1_12px_S15,ACTTGA-GTGGCC,EC.BA.WBO.U.3,161060,0,17,161043,92154517,0.001747717,0.999894,NA,NA,NA,NA,NA,NA,NA,NA
0,AMH_macro_2_1_12px_S15,TAGCTT-CGTACG,LS.BA.LA.U.1,858342,0,66,858276,92154517,0.009314161,0.999923108,NA,NA,NA,NA,NA,NA,NA,NA
0,AMH_macro_2_1_12px_S15,GGCTAC-ATTCCT,LS.BA.LA.U.2,368502,0,42,368460,92154517,0.003998741,0.999886025,NA,NA,NA,NA,NA,NA,NA,NA
0,AMH_macro_2_1_12px_S15,CTTGTA-ACTGAT,LS.BA.LA.U.3,902540,0,116,902424,92154517,0.009793768,0.999871474,NA,NA,NA,NA,NA,NA,NA,NA
0,AMH_macro_2_10_8px_S24,TAGCTT-AGTTCC,LS.BA.WB.U.4,282262,0,27,282235,64097243,0.004403653,0.999904,NA,NA,NA,NA,NA,NA,NA,NA
0,AMH_macro_2_11_8px_S25,GATCAG-CCGTCC,CD.BA.CP.U.1,427620,0,51,427569,56969085,0.007506176,0.999881,NA,NA,NA,NA,NA,NA,NA,NA
0,AMH_macro_2_11_8px_S25,GGCTAC-AGTTCC,CD.BA.CP.U.3,79074,0,2,79072,56969085,0.001388016,0.999975,NA,NA,NA,NA,NA,NA,NA,NA
0,AMH_macro_2_12_8px_S26,TAGCTT-CCGTCC,TO.BA.CP.U.5,238946,0,23,238923,48518859,0.004924807,0.999904,NA,NA,NA,NA,NA,NA,NA,NA
0,AMH_macro_2_13_8px_S27,TAGCTT-GTCCGC,TO.BA.FH.U.3,571354,0,64,571290,69878891,0.008176346,0.999888,NA,NA,NA,NA,NA,NA,NA,NA
0,AMH_macro_2_14_8px_S28,GATCAG-GTCCGC,PA.BA.WB.U.5,798428,0,107,798321,49605300,0.016095619,0.999866,NA,NA,NA,NA,NA,NA,NA,NA
0,AMH_macro_2_14_8px_S28,GGCTAC-GTGGCC,CD.BA.FH.U.2,61124,0,4,61120,49605300,0.001232207,0.999935,NA,NA,NA,NA,NA,NA,NA,NA
0,AMH_macro_2_2_12px_S16,ATCACG-AGTCAA,LS.BA.LA.U.4,488436,0,55,488381,74409858,0.00656413,0.999887,NA,NA,NA,NA,NA,NA,NA,NA
0,AMH_macro_2_2_12px_S16,CGATGT-AGTTCC,LS.BA.LA.U.5,41684,0,1,41683,74409858,5.60195e-4,0.999976,NA,NA,NA,NA,NA,NA,NA,NA
0,AMH_macro_2_2_12px_S16,TGACCA-CCGTCC,CD.BA.PSP.M.2,425704,0,37,425667,74409858,0.00572107,0.999913,NA,NA,NA,NA,NA,NA,NA,NA
0,AMH_macro_2_2_12px_S16,ACAGTG-GTCCGC,CD.BA.PSP.M.3,994560,0,122,994438,74409858,0.013365971,0.999877,NA,NA,NA,NA,NA,NA,NA,NA
0,AMH_macro_2_2_12px_S16,CAGATC-GTGGCC,CD.BA.PSP.M.5,841150,0,82,841068,74409858,0.011304282,0.999903,NA,NA,NA,NA,NA,NA,NA,NA
0,AMH_macro_2_3_12px_S17,ATCACG-CCGTCC,TO.BA.LH-3.M.1,185946,0,14,185932,79298889,0.002344875,0.999925,NA,NA,NA,NA,NA,NA,NA,NA
0,AMH_macro_2_3_12px_S17,TTAGGC-AGTTCC,TO.BA.LH-3.M.3,102056,0,13,102043,79298889,0.001286979,0.999873,NA,NA,NA,NA,NA,NA,NA,NA
0,AMH_macro_2_3_12px_S17,GCCAAT-GTGGCC,EC.BA.CP.U.1,20254,0,3,20251,79298889,2.55413e-4,0.999852,NA,NA,NA,NA,NA,NA,NA,NA
0,AMH_macro_2_3_12px_S17,ACTTGA-GTCCGC,EC.BA.CP.U.3,692060,0,77,691983,79298889,0.008727235,0.999889,NA,NA,NA,NA,NA,NA,NA,NA
0,AMH_macro_2_3_12px_S17,GGCTAC-GAGTGG,TO.BA.AA.U.1,221468,0,28,221440,79298889,0.002792826,0.999873571,NA,NA,NA,NA,NA,NA,NA,NA
0,AMH_macro_2_4_12px_S18,CGATGT-CCGTCC,TO.BA.AA.U.4,408558,0,65,408493,84324103,0.004845092,0.999841,NA,NA,NA,NA,NA,NA,NA,NA
0,AMH_macro_2_4_12px_S18,TGACCA-AGTTCC,LS.BA.TRC.U.1,396208,0,66,396142,84324103,0.004698633,0.999833,NA,NA,NA,NA,NA,NA,NA,NA
0,AMH_macro_2_5_8px_S19,ATCACG-GTGAAA,TO.BA.TRC.U.4,575684,0,84,575600,64392576,0.008940223,0.999854,NA,NA,NA,NA,NA,NA,NA,NA
0,AMH_macro_2_5_8px_S19,CGATGT-GTCCGC,TO.BA.TRC.U.5,46630,0,3,46627,64392576,7.24152e-4,0.999936,NA,NA,NA,NA,NA,NA,NA,NA
0,AMH_macro_2_5_8px_S19,TGACCA-GTGGCC,CD.BA.AA.U.2,936642,0,93,936549,64392576,0.014545807,0.999901,NA,NA,NA,NA,NA,NA,NA,NA
0,AMH_macro_2_5_8px_S19,CAGATC-CCGTCC,CD.BA.AA.U.5,221726,0,32,221694,64392576,0.003443347,0.999856,NA,NA,NA,NA,NA,NA,NA,NA
0,AMH_macro_2_6_8px_S20,ATCACG-GTCCGC,TO.BA.WGP.M.2,246774,0,29,246745,41689606,0.005919317,0.999882,NA,NA,NA,NA,NA,NA,NA,NA
0,AMH_macro_2_6_8px_S20,TTAGGC-GTGGCC,TO.BA.WGP.M.4,39114,0,3,39111,41689606,9.38219e-4,0.999923,NA,NA,NA,NA,NA,NA,NA,NA
0,AMH_macro_2_7_8px_S21,CGATGT-GTGGCC,TO.BA.LL-4.M.1,80320,0,7,80313,48337955,0.001661634,0.999913,NA,NA,NA,NA,NA,NA,NA,NA
0,AMH_macro_2_7_8px_S21,TTAGGC-GTGAAA,TO.BA.LL-4.M.2,402208,0,75,402133,48337955,0.008320749,0.999814,NA,NA,NA,NA,NA,NA,NA,NA
0,AMH_macro_2_7_8px_S21,TGACCA-GTCCGC,TO.BA.LL-4.M.3,123542,0,16,123526,48337955,0.002555797,0.99987,NA,NA,NA,NA,NA,NA,NA,NA
0,AMH_macro_2_7_8px_S21,ACAGTG-CCGTCC,TO.BA.LL-4.M.4,61664,0,14,61650,48337955,0.001275685,0.999773,NA,NA,NA,NA,NA,NA,NA,NA
0,AMH_macro_2_7_8px_S21,GCCAAT-ATGTCA,TO.BA.LL-4.M.5,425712,0,59,425653,48337955,0.008806992,0.999861,NA,NA,NA,NA,NA,NA,NA,NA
0,AMH_macro_2_8_8px_S22,TTAGGC-GTCCGC,PA.BA.LL-4.M.5,558790,0,87,558703,62253435,0.008976051,0.999844,NA,NA,NA,NA,NA,NA,NA,NA
0,AMH_macro_2_8_8px_S22,GCCAAT-CCGTCC,EC.BA.LL-4.M.3,286084,0,27,286057,62253435,0.004595473,0.999906,NA,NA,NA,NA,NA,NA,NA,NA
0,AMH_macro_2_8_8px_S22,ACTTGA-AGTTCC,EC.BA.LL-4.M.5,149626,0,20,149606,62253435,0.002403498,0.999866,NA,NA,NA,NA,NA,NA,NA,NA
0,AMH_macro_2_9_8px_S23,TTAGGC-ATTCCT,TO.BA.WB.U.3,565308,0,67,565241,54931058,0.010291227,0.999881,NA,NA,NA,NA,NA,NA,NA,NA
0,AMH_macro_2_9_8px_S23,GATCAG-AGTTCC,TO.BA.WB.U.5,789036,0,82,788954,54931058,0.014364114,0.999896,NA,NA,NA,NA,NA,NA,NA,NA
0,AMH_macro_2_9_8px_S23,GGCTAC-CCGTCC,EC.BA.WB.U.2,71928,0,7,71921,54931058,0.001309423,0.999903,NA,NA,NA,NA,NA,NA,NA,NA
0,AMH_macro_3_1_12px_S29,TTAGGC-AGTCAA,LS.BA.FH.U.1,367970,0,48,367922,61261040,0.006006591,0.99987,NA,NA,NA,NA,NA,NA,NA,NA
0,AMH_macro_3_1_12px_S29,TGACCA-AGTTCC,LS.BA.FH.U.2,130100,0,18,130082,61261040,0.002123699,0.999862,NA,NA,NA,NA,NA,NA,NA,NA
0,AMH_macro_3_1_12px_S29,ACAGTG-GTGGCC,LS.BA.FH.U.3,27458,0,1,27457,61261040,4.48213e-4,0.999964,NA,NA,NA,NA,NA,NA,NA,NA
0,AMH_macro_3_1_12px_S29,GCCAAT-GTTTCG,LS.BA.FH.U.4,849320,0,85,849235,61261040,0.01386395,0.9999,NA,NA,NA,NA,NA,NA,NA,NA
0,AMH_macro_3_1_12px_S29,CAGATC-GTCCGC,LS.BA.FH.U.5,46388,0,2,46386,61261040,7.57219e-4,0.999957,NA,NA,NA,NA,NA,NA,NA,NA
0,AMH_macro_3_1_12px_S29,ACTTGA-GTGAAA,LS.BA.DHI.U.1,658478,0,91,658387,61261040,0.010748724,0.999862,NA,NA,NA,NA,NA,NA,NA,NA
0,AMH_macro_3_1_12px_S29,TAGCTT-ATTCCT,LS.BA.DHI.U.3,620924,0,62,620862,61261040,0.010135708,0.999900149,NA,NA,NA,NA,NA,NA,NA,NA
0,AMH_macro_3_1_12px_S29,GGCTAC-CGTACG,LS.BA.DHI.U.4,129828,0,9,129819,61261040,0.002119259,0.999930678,NA,NA,NA,NA,NA,NA,NA,NA
0,AMH_macro_3_1_12px_S29,CTTGTA-GAGTGG,LS.BA.DHI.U.5,562484,0,48,562436,61261040,0.009181757,0.999914664,NA,NA,NA,NA,NA,NA,NA,NA
0,AMH_macro_3_10_8px_S38,GGCTAC-AGTTCC,LS.BA.GA.U.2,109084,0,8,109076,55802660,0.001954817,0.999927,NA,NA,NA,NA,NA,NA,NA,NA
0,AMH_macro_3_11_8px_S39,GATCAG-AGTTCC,PA.BA.PSP.M.3,53592,0,0,53592,58844908,9.10733e-4,1,NA,NA,NA,NA,NA,NA,NA,NA
0,AMH_macro_3_11_8px_S39,TAGCTT-AGTCAA,PA.BA.PSP.M.4,569136,0,53,569083,58844908,0.009671797,0.99990687599999994,NA,NA,NA,NA,NA,NA,NA,NA
0,AMH_macro_3_11_8px_S39,GGCTAC-CCGTCC,PA.BA.PSP.M.5,7102,0,1,7101,58844908,1.2069e-4,0.999859195,NA,NA,NA,NA,NA,NA,NA,NA
0,AMH_macro_3_13_8px_S41,GATCAG-GTGGCC,LS.BA.PIK.U.4,207380,0,27,207353,49254844,0.004210347,0.99987,NA,NA,NA,NA,NA,NA,NA,NA
0,AMH_macro_3_13_8px_S41,GGCTAC-GTCCGC,TO.BA.PIK.U.1,604262,0,68,604194,49254844,0.012268073000000001,0.999887,NA,NA,NA,NA,NA,NA,NA,NA
0,AMH_macro_3_14_8px_S42,TAGCTT-GTGGCC,CD.BA.RG-1.M.3,693726,0,88,693638,56048839,0.01237717,0.999873,NA,NA,NA,NA,NA,NA,NA,NA
0,AMH_macro_3_2_12px_S30,ATCACG-CCGTCC,LS.BA.CP.U.1,366792,0,39,366753,90171417,0.004067719,0.999894,NA,NA,NA,NA,NA,NA,NA,NA
0,AMH_macro_3_2_12px_S30,TTAGGC-AGTTCC,LS.BA.CP.U.3,442526,0,45,442481,90171417,0.004907608,0.999898,NA,NA,NA,NA,NA,NA,NA,NA
0,AMH_macro_3_2_12px_S30,GCCAAT-GTGGCC,LS.BA.ML.U.1,601480,0,74,601406,90171417,0.006670406,0.999877,NA,NA,NA,NA,NA,NA,NA,NA
0,AMH_macro_3_2_12px_S30,ACTTGA-GTCCGC,LS.BA.ML.U.3,638342,0,92,638250,90171417,0.007079206,0.999856,NA,NA,NA,NA,NA,NA,NA,NA
0,AMH_macro_3_3_12px_S31,CGATGT-AGTTCC,TO.BA.ML.U.4,811460,0,111,811349,72248024,0.011231587,0.999863,NA,NA,NA,NA,NA,NA,NA,NA
0,AMH_macro_3_3_12px_S31,TGACCA-CCGTCC,EC.BA.PIK.U.1,422458,0,47,422411,72248024,0.005847329,0.999889,NA,NA,NA,NA,NA,NA,NA,NA
0,AMH_macro_3_3_12px_S31,CAGATC-GTGGCC,EC.BA.PIK.U.4,23826,0,3,23823,72248024,3.29781e-4,0.999874,NA,NA,NA,NA,NA,NA,NA,NA
0,AMH_macro_3_4_12px_S32,ATCACG-AGTTCC,TO.BA.LH-2.M.5,66928,0,2,66926,69117528,9.68322e-4,0.99997,NA,NA,NA,NA,NA,NA,NA,NA
0,AMH_macro_3_4_12px_S32,TTAGGC-CCGTCC,CD.BA.W3.M.2,117370,0,6,117364,69117528,0.001698122,0.999949,NA,NA,NA,NA,NA,NA,NA,NA
0,AMH_macro_3_4_12px_S32,CAGATC-GTTTCG,TO.BA.LA.U.1,533834,0,60,533774,69117528,0.007723569,0.999888,NA,NA,NA,NA,NA,NA,NA,NA
0,AMH_macro_3_4_12px_S32,ACTTGA-GTGGCC,TO.BA.LA.U.2,72784,0,6,72778,69117528,0.001053047,0.999918,NA,NA,NA,NA,NA,NA,NA,NA
0,AMH_macro_3_4_12px_S32,GATCAG-GAGTGG,TO.BA.LA.U.3,856370,0,76,856294,69117528,0.012390055,0.999911,NA,NA,NA,NA,NA,NA,NA,NA
0,AMH_macro_3_4_12px_S32,TAGCTT-CGTACG,TO.BA.LA.U.4,714780,0,77,714703,69117528,0.010341516,0.999892275,NA,NA,NA,NA,NA,NA,NA,NA
0,AMH_macro_3_4_12px_S32,GGCTAC-ATTCCT,TO.BA.LA.U.5,84748,0,7,84741,69117528,0.001226143,0.999917402,NA,NA,NA,NA,NA,NA,NA,NA
0,AMH_macro_3_5_8px_S33,TTAGGC-GTCCGC,PA.BA.LA.U.4,507840,0,48,507792,74098506,0.006853579,0.999905,NA,NA,NA,NA,NA,NA,NA,NA
0,AMH_macro_3_5_8px_S33,GCCAAT-CCGTCC,EC.BA.LH-3.M.2,210864,0,15,210849,74098506,0.002845725,0.999929,NA,NA,NA,NA,NA,NA,NA,NA
0,AMH_macro_3_5_8px_S33,CAGATC-AGTCAA,EC.BA.LH-3.M.3,647420,0,77,647343,74098506,0.008737288,0.999881,NA,NA,NA,NA,NA,NA,NA,NA
0,AMH_macro_3_5_8px_S33,ACTTGA-AGTTCC,EC.BA.LH-3.M.4,230958,0,24,230934,74098506,0.003116905,0.999896,NA,NA,NA,NA,NA,NA,NA,NA
0,AMH_macro_3_6_8px_S34,CAGATC-AGTTCC,PA.BA.W3.M.1,928198,0,122,928076,60920538,0.015236208,0.999869,NA,NA,NA,NA,NA,NA,NA,NA
0,AMH_macro_3_7_8px_S35,TTAGGC-GTGGCC,PA.BA.W3.M.5,170224,0,25,170199,50880761,0.003345547,0.999853,NA,NA,NA,NA,NA,NA,NA,NA
0,AMH_macro_3_7_8px_S35,GCCAAT-AGTTCC,TO.BA.PSP.M.3,192652,0,42,192610,50880761,0.003786343,0.999782,NA,NA,NA,NA,NA,NA,NA,NA
0,AMH_macro_3_7_8px_S35,ACTTGA-CCGTCC,TO.BA.PSP.M.5,176022,0,20,176002,50880761,0.0034595,0.999886,NA,NA,NA,NA,NA,NA,NA,NA
0,AMH_macro_3_8_8px_S36,TTAGGC-GTTTCG,EC.BA.PSP.M.2,260818,0,28,260790,72067799,0.003619064,0.999893,NA,NA,NA,NA,NA,NA,NA,NA
0,AMH_macro_3_8_8px_S36,TGACCA-GTGGCC,EC.BA.PSP.M.3,1564,0,0,1564,72067799,2.17e-5,1,NA,NA,NA,NA,NA,NA,NA,NA
0,AMH_macro_3_8_8px_S36,CAGATC-CCGTCC,TO.BA.W3.M.1,572254,0,76,572178,72067799,0.007940495,0.999867,NA,NA,NA,NA,NA,NA,NA,NA
0,AMH_macro_4_1_12px_S43,ATCACG-CCGTCC,TO.BA.RG-1.M.1,58022,0,12,58010,60577660,9.57812e-4,0.999793,NA,NA,NA,NA,NA,NA,NA,NA
0,AMH_macro_4_1_12px_S43,TTAGGC-AGTTCC,TO.BA.RG-1.M.3,49422,0,4,49418,60577660,8.15845e-4,0.999919,NA,NA,NA,NA,NA,NA,NA,NA
0,AMH_macro_4_10_8px_S52,GATCAG-ATGTCA,CD.LA.WHI.M.4,426830,0,60,426770,59160971,0.007214723,0.999859,NA,NA,NA,NA,NA,NA,NA,NA
0,AMH_macro_4_10_8px_S52,TAGCTT-CCGTCC,CD.LA.WHI.M.5,440268,0,47,440221,59160971,0.007441866,0.999893,NA,NA,NA,NA,NA,NA,NA,NA
0,AMH_macro_4_11_8px_S53,GATCAG-AGTTCC,CD.LA.ROS.M.2,685718,0,78,685640,50491376,0.013580893,0.999886,NA,NA,NA,NA,NA,NA,NA,NA
0,AMH_macro_4_11_8px_S53,GGCTAC-CCGTCC,CD.LA.ROS.M.4,27930,0,2,27928,50491376,5.53164e-4,0.999928,NA,NA,NA,NA,NA,NA,NA,NA
0,AMH_macro_4_12_8px_S54,TAGCTT-AGTTCC,PA.LA.ALL.M.1,198644,0,27,198617,55766489,0.003562068,0.999864,NA,NA,NA,NA,NA,NA,NA,NA
0,AMH_macro_4_12_8px_S54,GGCTAC-ATGTCA,PA.LA.ALL.M.2,418022,0,50,417972,55766489,0.007495935,0.99988,NA,NA,NA,NA,NA,NA,NA,NA
0,AMH_macro_4_12_8px_S54,CTTGTA-CCGTCC,PA.LA.ALL.M.3,88238,0,7,88231,55766489,0.001582276,0.999921,NA,NA,NA,NA,NA,NA,NA,NA
0,AMH_macro_4_13_8px_S55,TAGCTT-GTGGCC,TE.LA.ALL.M.4,52768,0,8,52760,54124327,9.74941e-4,0.999848,NA,NA,NA,NA,NA,NA,NA,NA
0,AMH_macro_4_13_8px_S55,GGCTAC-GTGAAA,TE.LA.ALL.M.5,566898,0,62,566836,54124327,0.010473996,0.999891,NA,NA,NA,NA,NA,NA,NA,NA
0,AMH_macro_4_14_8px_S56,GATCAG-GTGGCC,TO.LA.HAR.M.1,54768,0,8,54760,53545784,0.001022826,0.999854,NA,NA,NA,NA,NA,NA,NA,NA
0,AMH_macro_4_14_8px_S56,TAGCTT-GTTTCG,TO.LA.HAR.M.2,831848,0,94,831754,53545784,0.015535266,0.999887,NA,NA,NA,NA,NA,NA,NA,NA
0,AMH_macro_4_14_8px_S56,GGCTAC-GTCCGC,TO.LA.HAR.M.3,10884,0,1,10883,53545784,2.03265e-4,0.999908,NA,NA,NA,NA,NA,NA,NA,NA
0,AMH_macro_4_2_12px_S44,TGACCA-AGTTCC,EC.BA.LL-3.M.1,133696,0,18,133678,77599742,0.001722892,0.999865,NA,NA,NA,NA,NA,NA,NA,NA
0,AMH_macro_4_2_12px_S44,ACAGTG-GTGGCC,EC.BA.LL-3.M.2,16088,0,0,16088,77599742,2.0732e-4,1,NA,NA,NA,NA,NA,NA,NA,NA
0,AMH_macro_4_2_12px_S44,CAGATC-GTCCGC,EC.BA.LL-3.M.4,12498,0,0,12498,77599742,1.61057e-4,1,NA,NA,NA,NA,NA,NA,NA,NA
0,AMH_macro_4_2_12px_S44,GGCTAC-CGTACG,TO.BA.LL-3.M.3,413810,0,48,413762,77599742,0.005332621,0.999884005,NA,NA,NA,NA,NA,NA,NA,NA
0,AMH_macro_4_3_12px_S45,ATCACG-AGTTCC,TO.BA.LL-3.M.5,44502,0,9,44493,75211753,5.91689e-4,0.999798,NA,NA,NA,NA,NA,NA,NA,NA
0,AMH_macro_4_3_12px_S45,TTAGGC-CCGTCC,CD.BA.GA.U.2,244950,0,22,244928,75211753,0.003256805,0.99991,NA,NA,NA,NA,NA,NA,NA,NA
0,AMH_macro_4_3_12px_S45,ACTTGA-GTGGCC,EC.BA.ML.U.2,90064,0,10,90054,75211753,0.001197472,0.999889,NA,NA,NA,NA,NA,NA,NA,NA
0,AMH_macro_4_4_12px_S46,TGACCA-CCGTCC,LS.BA.WBO.U.1,2962,0,0,2962,74814215,3.96e-5,1,NA,NA,NA,NA,NA,NA,NA,NA
0,AMH_macro_4_4_12px_S46,ACAGTG-GTCCGC,LS.BA.WBO.U.2,115520,0,19,115501,74814215,0.001544092,0.999836,NA,NA,NA,NA,NA,NA,NA,NA
0,AMH_macro_4_4_12px_S46,CAGATC-GTGGCC,LS.BA.WBO.U.4,62948,0,5,62943,74814215,8.41391e-4,0.999921,NA,NA,NA,NA,NA,NA,NA,NA
0,AMH_macro_4_4_12px_S46,GATCAG-CGTACG,TO.BA.LH-1.M.1,28438,0,6,28432,74814215,3.80115e-4,0.999789,NA,NA,NA,NA,NA,NA,NA,NA
0,AMH_macro_4_4_12px_S46,GGCTAC-ACTGAT,TO.BA.LH-1.M.3,3226,0,0,3226,74814215,4.31201e-5,1,NA,NA,NA,NA,NA,NA,NA,NA
0,AMH_macro_4_5_8px_S47,TGACCA-GTCCGC,TO.BA.RG-2.M.3,927476,0,122,927354,51635318,0.017962047,0.999868,NA,NA,NA,NA,NA,NA,NA,NA
0,AMH_macro_4_5_8px_S47,CAGATC-AGTTCC,PA.BA.RG-2.M.1,100796,0,10,100786,51635318,0.001952075,0.999901,NA,NA,NA,NA,NA,NA,NA,NA
0,AMH_macro_4_6_8px_S48,ATCACG-GTGGCC,PA.BA.RG-2.M.3,683732,0,69,683663,60069844,0.011382284,0.999899,NA,NA,NA,NA,NA,NA,NA,NA
0,AMH_macro_4_6_8px_S48,TTAGGC-GTCCGC,PA.BA.RG-2.M.5,227948,0,24,227924,60069844,0.003794716,0.999895,NA,NA,NA,NA,NA,NA,NA,NA
0,AMH_macro_4_6_8px_S48,GCCAAT-CCGTCC,PA.LA.SEP.M.3,767090,0,89,767001,60069844,0.012769968,0.999884,NA,NA,NA,NA,NA,NA,NA,NA
0,AMH_macro_4_7_8px_S49,CGATGT-GTCCGC,TO.LA.ROS.M.2,340646,0,36,340610,59636458,0.005712043,0.999894,NA,NA,NA,NA,NA,NA,NA,NA
0,AMH_macro_4_7_8px_S49,TGACCA-GTGGCC,TO.LA.ROS.M.4,126204,0,17,126187,59636458,0.002116222,0.999865,NA,NA,NA,NA,NA,NA,NA,NA
0,AMH_macro_4_7_8px_S49,ACAGTG-AGTTCC,TO.LA.ROS.M.5,264026,0,36,263990,59636458,0.004427258,0.999864,NA,NA,NA,NA,NA,NA,NA,NA
0,AMH_macro_4_7_8px_S49,CAGATC-CCGTCC,PA.LA.ROS.M.2,207156,0,34,207122,59636458,0.003473647,0.999836,NA,NA,NA,NA,NA,NA,NA,NA
0,AMH_macro_4_8_8px_S50,TTAGGC-GTGGCC,PA.LA.WHI.M.1,207646,0,17,207629,63000304,0.003295952,0.999918,NA,NA,NA,NA,NA,NA,NA,NA
0,AMH_macro_4_8_8px_S50,ACTTGA-CCGTCC,CD.LA.VAL.M.1,855124,0,114,855010,63000304,0.013573331,0.999867,NA,NA,NA,NA,NA,NA,NA,NA
0,AMH_macro_4_9_8px_S51,GATCAG-CCGTCC,TO.LA.WHI.M.1,65822,0,9,65813,41635282,0.001580919,0.999863,NA,NA,NA,NA,NA,NA,NA,NA
0,AMH_macro_4_9_8px_S51,TAGCTT-ATGTCA,TO.LA.WHI.M.2,21690,0,7,21683,41635282,5.20952e-4,0.999677,NA,NA,NA,NA,NA,NA,NA,NA
0,AMH_macro_4_9_8px_S51,GGCTAC-AGTTCC,TO.LA.WHI.M.3,108,0,0,108,41635282,2.59e-6,1,NA,NA,NA,NA,NA,NA,NA,NA
0,AMH_macro_4_9_8px_S51,CTTGTA-AGTCAA,TO.LA.WHI.M.4,857974,0,88,857886,41635282,0.020606898,0.999897,NA,NA,NA,NA,NA,NA,NA,NA
0,AMH_macro_5_1_8px_S57,ATCACG-GTCCGC,TO.LA.HAR.M.5,189662,0,29,189633,66574923,0.00284885,0.999847,NA,NA,NA,NA,NA,NA,NA,NA
0,AMH_macro_5_1_8px_S57,TTAGGC-GTGGCC,CD.LA.HAR.M.2,160880,0,25,160855,66574923,0.002416526,0.999845,NA,NA,NA,NA,NA,NA,NA,NA
0,AMH_macro_5_1_8px_S57,CAGATC-ATGTCA,LS.LA.HAR.M.1,491166,0,70,491096,66574923,0.007377643,0.999857,NA,NA,NA,NA,NA,NA,NA,NA
0,AMH_macro_5_1_8px_S57,ACTTGA-CCGTCC,LS.LA.HAR.M.2,26170,0,2,26168,66574923,3.93091e-4,0.999924,NA,NA,NA,NA,NA,NA,NA,NA
0,AMH_macro_5_10_8px_S66,TAGCTT-GTCCGC,TO.LA.MR1.M.5,589368,0,70,589298,61417779,0.009596049,0.999881,NA,NA,NA,NA,NA,NA,NA,NA
0,AMH_macro_5_10_8px_S66,GGCTAC-GTTTCG,LS.LA.VET.M.1,596842,0,82,596760,61417779,0.00971774,0.999863,NA,NA,NA,NA,NA,NA,NA,NA
0,AMH_macro_5_10_8px_S66,CTTGTA-GTGGCC,LS.LA.VET.M.2,209146,0,24,209122,61417779,0.003405301,0.999885,NA,NA,NA,NA,NA,NA,NA,NA
0,AMH_macro_5_11_8px_S67,GATCAG-GTGGCC,LS.LA.GRI.M.2,925918,0,113,925805,35725836,0.025917322,0.999878,NA,NA,NA,NA,NA,NA,NA,NA
0,AMH_macro_5_11_8px_S67,GGCTAC-GTCCGC,LS.LA.GRI.M.4,280196,0,19,280177,35725836,0.007842952,0.999932,NA,NA,NA,NA,NA,NA,NA,NA
0,AMH_macro_5_11_8px_S67,CTTGTA-GTGAAA,LS.LA.GRI.M.5,44816,0,10,44806,35725836,0.001254442,0.999777,NA,NA,NA,NA,NA,NA,NA,NA
0,AMH_macro_5_12_8px_S68,TAGCTT-GTGGCC,LS.LA.NAV.M.1,220626,0,22,220604,67212621,0.003282509,0.9999,NA,NA,NA,NA,NA,NA,NA,NA
0,AMH_macro_5_12_8px_S68,CTTGTA-GTCCGC,LS.LA.NAV.M.3,851270,0,91,851179,67212621,0.01266533,0.999893,NA,NA,NA,NA,NA,NA,NA,NA
0,AMH_macro_5_13_8px_S69,CTTGTA-CCGTCC,LS.LA.WES.M.1,542850,0,47,542803,69160701,0.007849111,0.999913,NA,NA,NA,NA,NA,NA,NA,NA
0,AMH_macro_5_14_8px_S70,GATCAG-AGTTCC,LS.LA.VNH.M.1,820286,0,95,820191,60880965,0.013473604,0.999884,NA,NA,NA,NA,NA,NA,NA,NA
0,AMH_macro_5_14_8px_S70,GGCTAC-CCGTCC,LS.LA.VNH.M.3,119374,0,17,119357,60880965,0.001960777,0.999858,NA,NA,NA,NA,NA,NA,NA,NA
0,AMH_macro_5_2_8px_S58,ATCACG-GTGAAA,LS.LA.HAR.M.3,965556,0,97,965459,57121254,0.01690362,0.9999,NA,NA,NA,NA,NA,NA,NA,NA
0,AMH_macro_5_2_8px_S58,CGATGT-GTCCGC,LS.LA.HAR.M.4,58016,0,6,58010,57121254,0.001015664,0.999897,NA,NA,NA,NA,NA,NA,NA,NA
0,AMH_macro_5_2_8px_S58,TTAGGC-GTTTCG,LS.LA.HAR.M.5,436172,0,55,436117,57121254,0.007635897,0.999874,NA,NA,NA,NA,NA,NA,NA,NA
0,AMH_macro_5_2_8px_S58,TGACCA-GTGGCC,CD.LA.LUB.M.1,892224,0,105,892119,57121254,0.015619825,0.999882,NA,NA,NA,NA,NA,NA,NA,NA
0,AMH_macro_5_2_8px_S58,CAGATC-CCGTCC,CD.LA.LUB.M.4,146222,0,23,146199,57121254,0.002559853,0.999843,NA,NA,NA,NA,NA,NA,NA,NA
0,AMH_macro_5_3_8px_S59,TTAGGC-GTCCGC,PA.LA.LUB.M.3,401576,0,51,401525,53604939,0.007491399,0.999873,NA,NA,NA,NA,NA,NA,NA,NA
0,AMH_macro_5_3_8px_S59,GCCAAT-CCGTCC,LS.LA.LUB.M.1,29350,0,4,29346,53604939,5.47524e-4,0.999864,NA,NA,NA,NA,NA,NA,NA,NA
0,AMH_macro_5_3_8px_S59,CAGATC-AGTCAA,LS.LA.LUB.M.2,796284,0,85,796199,53604939,0.014854676,0.999893,NA,NA,NA,NA,NA,NA,NA,NA
0,AMH_macro_5_3_8px_S59,ACTTGA-AGTTCC,TO.LA.LUB.M.1,151134,0,10,151124,53604939,0.002819404,0.999934,NA,NA,NA,NA,NA,NA,NA,NA
0,AMH_macro_5_4_8px_S60,ATCACG-GTTTCG,TO.LA.LUB.M.2,988506,0,112,988394,56119676,0.01761425,0.999887,NA,NA,NA,NA,NA,NA,NA,NA
0,AMH_macro_5_4_8px_S60,CGATGT-GTGGCC,TO.LA.LUB.M.3,19872,0,1,19871,56119676,3.541e-4,0.99995,NA,NA,NA,NA,NA,NA,NA,NA
0,AMH_macro_5_4_8px_S60,TTAGGC-GTGAAA,TO.LA.LUB.M.4,246702,0,26,246676,56119676,0.004395998,0.999895,NA,NA,NA,NA,NA,NA,NA,NA
0,AMH_macro_5_4_8px_S60,TGACCA-GTCCGC,TO.LA.LUB.M.5,93070,0,10,93060,56119676,0.00165842,0.999893,NA,NA,NA,NA,NA,NA,NA,NA
0,AMH_macro_5_4_8px_S60,ACAGTG-CCGTCC,CD.LA.GLO.M.1,541418,0,60,541358,56119676,0.009647561,0.999889,NA,NA,NA,NA,NA,NA,NA,NA
0,AMH_macro_5_4_8px_S60,CAGATC-AGTTCC,CD.LA.GLO.M.3,355346,0,42,355304,56119676,0.006331932,0.999882,NA,NA,NA,NA,NA,NA,NA,NA
0,AMH_macro_5_5_12px_S61,CGATGT-AGTTCC,TO.LA.GLO.M.1,776,0,0,776,93470629,8.3e-6,1,NA,NA,NA,NA,NA,NA,NA,NA
0,AMH_macro_5_5_12px_S61,TGACCA-CCGTCC,TO.LA.GLO.M.3,231038,0,23,231015,93470629,0.002471771,0.9999,NA,NA,NA,NA,NA,NA,NA,NA
0,AMH_macro_5_5_12px_S61,ACAGTG-GTCCGC,TO.LA.GLO.M.4,284630,0,38,284592,93470629,0.003045128,0.999866,NA,NA,NA,NA,NA,NA,NA,NA
0,AMH_macro_5_5_12px_S61,CAGATC-GTGGCC,PA.LA.GLO.M.1,361918,0,34,361884,93470629,0.003871997,0.999906,NA,NA,NA,NA,NA,NA,NA,NA
0,AMH_macro_5_5_12px_S61,CTTGTA-ATTCCT,LS.LA.GLO.M.1,65844,0,13,65831,93470629,7.04435e-4,0.999802564,NA,NA,NA,NA,NA,NA,NA,NA
0,AMH_macro_5_6_12px_S62,ATCACG-AGTTCC,LS.LA.GLO.M.2,968654,0,108,968546,86717338,0.011170246,0.999889,NA,NA,NA,NA,NA,NA,NA,NA
0,AMH_macro_5_6_12px_S62,TTAGGC-CCGTCC,LS.LA.GLO.M.4,404188,0,42,404146,86717338,0.004660983,0.999896,NA,NA,NA,NA,NA,NA,NA,NA
0,AMH_macro_5_6_12px_S62,GCCAAT-GTCCGC,TO.LA.ZOO.M.2,515490,0,56,515434,86717338,0.005944486,0.999891,NA,NA,NA,NA,NA,NA,NA,NA
0,AMH_macro_5_6_12px_S62,ACTTGA-GTGGCC,TO.LA.ZOO.M.4,835794,0,101,835693,86717338,0.009638142,0.999879,NA,NA,NA,NA,NA,NA,NA,NA
0,AMH_macro_5_6_12px_S62,GATCAG-GAGTGG,TO.LA.ZOO.M.5,56444,0,7,56437,86717338,6.50896e-4,0.999876,NA,NA,NA,NA,NA,NA,NA,NA
0,AMH_macro_5_6_12px_S62,GGCTAC-ATTCCT,CD.LA.ZOO.M.1,57246,0,3,57243,86717338,6.60145e-4,0.999947595,NA,NA,NA,NA,NA,NA,NA,NA
0,AMH_macro_5_7_12px_S63,CGATGT-CCGTCC,CD.LA.ZOO.M.4,631620,0,86,631534,85384472,0.007397364,0.999864,NA,NA,NA,NA,NA,NA,NA,NA
0,AMH_macro_5_7_12px_S63,ACAGTG-GTGGCC,PA.LA.ZOO.M.2,393994,0,53,393941,85384472,0.004614352,0.999865,NA,NA,NA,NA,NA,NA,NA,NA
0,AMH_macro_5_8_12px_S64,TTAGGC-AGTTCC,TO.LA.NWH.M.2,135654,0,27,135627,86827234,0.001562344,0.999801,NA,NA,NA,NA,NA,NA,NA,NA
0,AMH_macro_5_8_12px_S64,GCCAAT-GTGGCC,TO.LA.NWH.M.5,79976,0,9,79967,86827234,9.21093e-4,0.999887,NA,NA,NA,NA,NA,NA,NA,NA
0,AMH_macro_5_9_8px_S65,GATCAG-GTCCGC,PA.LA.KIN.M.1,902628,0,97,902531,54258268,0.016635769,0.999893,NA,NA,NA,NA,NA,NA,NA,NA
0,AMH_macro_5_9_8px_S65,GGCTAC-GTGGCC,PA.LA.KIN.M.3,88546,0,2,88544,54258268,0.001631936,0.999977,NA,NA,NA,NA,NA,NA,NA,NA
0,AMH_macro_6_1_8px_S71,TGACCA-GTGGCC,LS.LA.ESM.M.3,989180,0,111,989069,48489652,0.020399816,0.999888,NA,NA,NA,NA,NA,NA,NA,NA
0,AMH_macro_6_1_8px_S71,CAGATC-CCGTCC,LS.LA.PAR.M.1,319342,0,32,319310,48489652,0.006585776,0.9999,NA,NA,NA,NA,NA,NA,NA,NA
0,AMH_macro_6_10_8px_S80,GATCAG-GTCCGC,LS.LA.FIG.U.2,675080,0,86,674994,60646289,0.011131431,0.999873,NA,NA,NA,NA,NA,NA,NA,NA
0,AMH_macro_6_10_8px_S80,GGCTAC-GTGGCC,LS.LA.FIG.U.4,92814,0,17,92797,60646289,0.001530415,0.999817,NA,NA,NA,NA,NA,NA,NA,NA
0,AMH_macro_6_12_8px_S82,GATCAG-GTGGCC,EC.LA.DUR.U.3,442088,0,47,442041,57205652,0.007728048,0.999894,NA,NA,NA,NA,NA,NA,NA,NA
0,AMH_macro_6_12_8px_S82,GGCTAC-GTCCGC,EC.LA.DUR.U.5,190702,0,19,190683,57205652,0.003333622,0.9999,NA,NA,NA,NA,NA,NA,NA,NA
0,AMH_macro_6_13_8px_S83,GATCAG-AGTTCC,EC.LA.SAN.U.1,852312,0,69,852243,65875026,0.012938317,0.999919,NA,NA,NA,NA,NA,NA,NA,NA
0,AMH_macro_6_13_8px_S83,GGCTAC-CCGTCC,EC.LA.SAN.U.3,101312,0,8,101304,65875026,0.001537942,0.999921,NA,NA,NA,NA,NA,NA,NA,NA
0,AMH_macro_6_14_8px_S84,TAGCTT-AGTTCC,EC.LA.VER.U.5,911320,0,107,911213,61109961,0.01491279,0.999883,NA,NA,NA,NA,NA,NA,NA,NA
0,AMH_macro_6_14_8px_S84,CTTGTA-CCGTCC,EC.LA.VB2.U.2,727942,0,84,727858,61109961,0.011912002,0.999885,NA,NA,NA,NA,NA,NA,NA,NA
0,AMH_macro_6_2_8px_S72,ATCACG-GTCCGC,LS.LA.PAR.M.3,906116,0,91,906025,46282440,0.019577965,0.9999,NA,NA,NA,NA,NA,NA,NA,NA
0,AMH_macro_6_2_8px_S72,TTAGGC-GTGGCC,LS.LA.PAR.M.5,276722,0,46,276676,46282440,0.005978985,0.999834,NA,NA,NA,NA,NA,NA,NA,NA
0,AMH_macro_6_2_8px_S72,GCCAAT-AGTTCC,LS.LA.MAD.M.3,775324,0,82,775242,46282440,0.016752012,0.999894,NA,NA,NA,NA,NA,NA,NA,NA
0,AMH_macro_6_2_8px_S72,ACTTGA-CCGTCC,LS.LA.MAD.M.5,266676,0,33,266643,46282440,0.005761926,0.999876,NA,NA,NA,NA,NA,NA,NA,NA
0,AMH_macro_6_3_8px_S73,CGATGT-GTGGCC,TO.LA.RID.M.2,74164,0,9,74155,54447850,0.001362111,0.999879,NA,NA,NA,NA,NA,NA,NA,NA
0,AMH_macro_6_3_8px_S73,TTAGGC-GTGAAA,TO.LA.RID.M.3,432584,0,57,432527,54447850,0.007944923,0.999868,NA,NA,NA,NA,NA,NA,NA,NA
0,AMH_macro_6_3_8px_S73,TGACCA-GTCCGC,TO.LA.RID.M.4,103204,0,5,103199,54447850,0.001895465,0.999952,NA,NA,NA,NA,NA,NA,NA,NA
0,AMH_macro_6_3_8px_S73,ACAGTG-CCGTCC,TO.LA.RID.M.5,151914,0,14,151900,54447850,0.002790083,0.999908,NA,NA,NA,NA,NA,NA,NA,NA
0,AMH_macro_6_3_8px_S73,CAGATC-AGTTCC,PA.LA.POP.M.2,982368,0,122,982246,54447850,0.018042365,0.999876,NA,NA,NA,NA,NA,NA,NA,NA
0,AMH_macro_6_4_8px_S74,TTAGGC-GTCCGC,TO.LA.VNS.M.1,74024,0,13,74011,55010486,0.001345634,0.999824,NA,NA,NA,NA,NA,NA,NA,NA
0,AMH_macro_6_4_8px_S74,GCCAAT-CCGTCC,TO.LA.VNS.M.4,131326,0,8,131318,55010486,0.00238729,0.999939,NA,NA,NA,NA,NA,NA,NA,NA
0,AMH_macro_6_4_8px_S74,ACTTGA-AGTTCC,TO.LA.STC.M.1,332768,0,41,332727,55010486,0.006049174,0.999877,NA,NA,NA,NA,NA,NA,NA,NA
0,AMH_macro_6_5_12px_S75,ATCACG-AGTTCC,TO.LA.STC.M.2,772468,0,86,772382,68783787,0.011230379,0.999889,NA,NA,NA,NA,NA,NA,NA,NA
0,AMH_macro_6_5_12px_S75,TTAGGC-CCGTCC,TO.LA.STC.M.4,151898,0,16,151882,68783787,0.00220834,0.999895,NA,NA,NA,NA,NA,NA,NA,NA
0,AMH_macro_6_5_12px_S75,GCCAAT-GTCCGC,TO.LA.PEP.M.2,418906,0,61,418845,68783787,0.006090185,0.999854,NA,NA,NA,NA,NA,NA,NA,NA
0,AMH_macro_6_5_12px_S75,ACTTGA-GTGGCC,TO.LA.PEP.M.4,312300,0,32,312268,68783787,0.004540314,0.999898,NA,NA,NA,NA,NA,NA,NA,NA
0,AMH_macro_6_6_12px_S76,CGATGT-AGTTCC,TO.LA.COM.M.5,975156,0,110,975046,70167322,0.01389758,0.999887,NA,NA,NA,NA,NA,NA,NA,NA
0,AMH_macro_6_6_12px_S76,TGACCA-CCGTCC,LS.LA.STO.U.2,339438,0,41,339397,70167322,0.004837551,0.999879,NA,NA,NA,NA,NA,NA,NA,NA
0,AMH_macro_6_6_12px_S76,ACAGTG-GTCCGC,LS.LA.STO.U.3,161394,0,14,161380,70167322,0.002300131,0.999913,NA,NA,NA,NA,NA,NA,NA,NA
0,AMH_macro_6_6_12px_S76,CAGATC-GTGGCC,LS.LA.STO.U.5,220328,0,32,220296,70167322,0.003140037,0.999855,NA,NA,NA,NA,NA,NA,NA,NA
0,AMH_macro_6_7_12px_S77,CGATGT-CCGTCC,LS.LA.MAR.U.2,411760,0,43,411717,71228912,0.005780799,0.99989557,NA,NA,NA,NA,NA,NA,NA,NA
0,AMH_macro_6_7_12px_S77,TGACCA-AGTTCC,LS.LA.MAR.U.4,521808,0,64,521744,71228912,0.007325789,0.99987735,NA,NA,NA,NA,NA,NA,NA,NA
0,AMH_macro_6_7_12px_S77,ACAGTG-GTGGCC,LS.LA.MAR.U.5,498460,0,45,498415,71228912,0.006998001,0.999909722,NA,NA,NA,NA,NA,NA,NA,NA
0,AMH_macro_6_7_12px_S77,CAGATC-GTCCGC,LS.LA.CRI.U.2,396006,0,53,395953,71228912,0.005559624,0.999866164,NA,NA,NA,NA,NA,NA,NA,NA
0,AMH_macro_6_8_12px_S78,ATCACG-CCGTCC,LS.LA.VER.U.4,296576,0,35,296541,70673672,0.004196414,0.999881986,NA,NA,NA,NA,NA,NA,NA,NA
0,AMH_macro_6_8_12px_S78,TTAGGC-AGTTCC,LS.LA.CAN.U.1,194460,0,11,194449,70673672,0.00275152,0.999943433,NA,NA,NA,NA,NA,NA,NA,NA
0,AMH_macro_6_8_12px_S78,GCCAAT-GTGGCC,LS.LA.CAN.U.4,481066,0,42,481024,70673672,0.006806863,0.999912694,NA,NA,NA,NA,NA,NA,NA,NA
0,AMH_macro_6_8_12px_S78,ACTTGA-GTCCGC,LS.LA.MRC.U.1,558504,0,69,558435,70673672,0.007902575,0.999876456,NA,NA,NA,NA,NA,NA,NA,NA
0,AMH_macro_6_9_8px_S79,TAGCTT-GTCCGC,LS.LA.VB1.U.5,475410,0,73,475337,53440529,0.008896057,0.999846,NA,NA,NA,NA,NA,NA,NA,NA
0,AMH_macro_6_9_8px_S79,CTTGTA-GTGGCC,LS.LA.HOW.U.2,356486,0,38,356448,53440529,0.006670705,0.999893,NA,NA,NA,NA,NA,NA,NA,NA
0,AMH_macro_7_1_8px_S85,ATCACG-GTGGCC,EC.LA.VB2.U.3,693562,0,70,693492,69477119,0.009982596,0.999899,NA,NA,NA,NA,NA,NA,NA,NA
0,AMH_macro_7_1_8px_S85,TTAGGC-GTCCGC,EC.LA.VB2.U.5,505846,0,51,505795,69477119,0.007280757,0.999899,NA,NA,NA,NA,NA,NA,NA,NA
0,AMH_macro_7_1_8px_S85,GCCAAT-CCGTCC,EC.LA.AC2.U.3,499270,0,58,499212,69477119,0.007186107,0.999884,NA,NA,NA,NA,NA,NA,NA,NA
0,AMH_macro_7_1_8px_S85,ACTTGA-AGTTCC,EC.LA.AC2.U.5,808746,0,85,808661,69477119,0.011640465,0.999895,NA,NA,NA,NA,NA,NA,NA,NA
0,AMH_macro_7_11_8px_S95,GATCAG-GTCCGC,PA.BO.R3.U.5,677442,0,66,677376,70663733,0.009586841,0.999903,NA,NA,NA,NA,NA,NA,NA,NA
0,AMH_macro_7_11_8px_S95,GGCTAC-GTGGCC,PA.BO.HC4.M.2,150288,0,20,150268,70663733,0.002126805,0.999867,NA,NA,NA,NA,NA,NA,NA,NA
0,AMH_macro_7_12_8px_S96,TAGCTT-GTCCGC,DS.BO.HC1.M.4,406984,0,51,406933,65309760,0.006231595,0.999875,NA,NA,NA,NA,NA,NA,NA,NA
0,AMH_macro_7_12_8px_S96,CTTGTA-GTGGCC,DS.BO.HC2.M.1,879640,0,104,879536,65309760,0.013468737,0.999882,NA,NA,NA,NA,NA,NA,NA,NA
0,AMH_macro_7_13_8px_S97,TAGCTT-CCGTCC,DS.BO.HC4.M.2,401016,0,47,400969,61537140,0.00651665,0.999883,NA,NA,NA,NA,NA,NA,NA,NA
0,AMH_macro_7_14_8px_S98,GATCAG-CCGTCC,DS.BO.LC1.M.4,477816,0,58,477758,56250626,0.008494412,0.999879,NA,NA,NA,NA,NA,NA,NA,NA
0,AMH_macro_7_14_8px_S98,GGCTAC-AGTTCC,DS.BO.LC2.M.1,101360,0,14,101346,56250626,0.001801936,0.999862,NA,NA,NA,NA,NA,NA,NA,NA
0,AMH_macro_7_2_8px_S86,ACAGTG-CCGTCC,EC.LA.AC1.U.5,718948,0,71,718877,69146359,0.010397482,0.999901,NA,NA,NA,NA,NA,NA,NA,NA
0,AMH_macro_7_2_8px_S86,CAGATC-AGTTCC,EC.LA.VB1.U.2,584058,0,58,584000,69146359,0.008446692,0.999901,NA,NA,NA,NA,NA,NA,NA,NA
0,AMH_macro_7_3_8px_S87,TTAGGC-GTGGCC,EC.LA.SGR.U.1,374786,0,25,374761,60763308,0.006167966,0.999933,NA,NA,NA,NA,NA,NA,NA,NA
0,AMH_macro_7_3_8px_S87,ACTTGA-CCGTCC,PA.BO.R4.U.1,727474,0,70,727404,60763308,0.011972258,0.999904,NA,NA,NA,NA,NA,NA,NA,NA
0,AMH_macro_7_4_8px_S88,TGACCA-GTGGCC,PA.BO.R4.U.5,699474,0,87,699387,66864334,0.010461093,0.999876,NA,NA,NA,NA,NA,NA,NA,NA
0,AMH_macro_7_4_8px_S88,CAGATC-CCGTCC,PA.BO.WL2.M.3,315002,0,43,314959,66864334,0.004711062,0.999863,NA,NA,NA,NA,NA,NA,NA,NA
0,AMH_macro_7_5_12px_S89,CGATGT-CCGTCC,PA.BO.LC1.M.1,254702,0,20,254682,83714210,0.003042518,0.999921,NA,NA,NA,NA,NA,NA,NA,NA
0,AMH_macro_7_5_12px_S89,TGACCA-AGTTCC,PA.BO.LC1.M.3,824350,0,93,824257,83714210,0.009847193,0.999887,NA,NA,NA,NA,NA,NA,NA,NA
0,AMH_macro_7_5_12px_S89,ACAGTG-GTGGCC,PA.BO.LC1.M.4,646710,0,62,646648,83714210,0.007725212,0.999904,NA,NA,NA,NA,NA,NA,NA,NA
0,AMH_macro_7_5_12px_S89,CAGATC-GTCCGC,PA.BO.WL4.M.2,737552,0,73,737479,83714210,0.008810356,0.999901,NA,NA,NA,NA,NA,NA,NA,NA
0,AMH_macro_7_5_12px_S89,GGCTAC-CGTACG,PA.BO.I4.U.1,859542,0,111,859431,83714210,0.010267576,0.999870861,NA,NA,NA,NA,NA,NA,NA,NA
0,AMH_macro_7_6_12px_S90,ATCACG-CCGTCC,PA.BO.I4.U.3,449926,0,48,449878,77735598,0.005787902,0.999893,NA,NA,NA,NA,NA,NA,NA,NA
0,AMH_macro_7_6_12px_S90,TTAGGC-AGTTCC,PA.BO.I4.U.5,188782,0,23,188759,77735598,0.002428514,0.999878,NA,NA,NA,NA,NA,NA,NA,NA
0,AMH_macro_7_6_12px_S90,GCCAAT-GTGGCC,PA.BO.LC4.M.3,517876,0,51,517825,77735598,0.006662019,0.999902,NA,NA,NA,NA,NA,NA,NA,NA
0,AMH_macro_7_6_12px_S90,ACTTGA-GTCCGC,PA.BO.LC4.M.5,404074,0,40,404034,77735598,0.005198056,0.999901,NA,NA,NA,NA,NA,NA,NA,NA
0,AMH_macro_7_6_12px_S90,GGCTAC-GAGTGG,PA.BO.HC2.M.3,777938,0,83,777855,77735598,0.010007487,0.999893308,NA,NA,NA,NA,NA,NA,NA,NA
0,AMH_macro_7_7_12px_S91,TGACCA-CCGTCC,PA.BO.R1.U.3,404144,0,43,404101,72901024,0.005543736,0.999894,NA,NA,NA,NA,NA,NA,NA,NA
0,AMH_macro_7_7_12px_S91,CAGATC-GTGGCC,PA.BO.LC3.M.1,458344,0,53,458291,72901024,0.006287209,0.999884,NA,NA,NA,NA,NA,NA,NA,NA
0,AMH_macro_7_8_12px_S92,ATCACG-AGTTCC,PA.BO.WL3.M.3,414626,0,52,414574,89041912,0.004656526,0.999875,NA,NA,NA,NA,NA,NA,NA,NA
0,AMH_macro_7_8_12px_S92,TTAGGC-CCGTCC,PA.BO.WL3.M.5,164784,0,20,164764,89041912,0.001850634,0.999879,NA,NA,NA,NA,NA,NA,NA,NA
0,AMH_macro_7_8_12px_S92,ACTTGA-GTGGCC,PA.BO.WL1.M.5,670968,0,63,670905,89041912,0.007535418,0.999906,NA,NA,NA,NA,NA,NA,NA,NA
0,AMH_macro_7_9_8px_S93,GGCTAC-GTCCGC,PA.BO.I2.U.1,114496,0,15,114481,54093537,0.00211663,0.999869,NA,NA,NA,NA,NA,NA,NA,NA
0,AMH_macro_8_1_8px_S99,CGATGT-GTGGCC,DS.BO.LC2.M.4,664044,0,78,663966,53940046,0.012310779,0.999883,NA,NA,NA,NA,NA,NA,NA,NA
0,AMH_macro_8_1_8px_S99,TGACCA-GTCCGC,DS.BO.LC3.M.3,918942,0,123,918819,53940046,0.017036359,0.999866,NA,NA,NA,NA,NA,NA,NA,NA
0,AMH_macro_8_1_8px_S99,ACAGTG-CCGTCC,DS.BO.LC3.M.4,448314,0,57,448257,53940046,0.008311339,0.999873,NA,NA,NA,NA,NA,NA,NA,NA
0,AMH_macro_8_1_8px_S99,CAGATC-AGTTCC,DS.BO.LC4.M.1,310688,0,23,310665,53940046,0.005759876,0.999926,NA,NA,NA,NA,NA,NA,NA,NA
0,AMH_macro_8_10_8px_S108,GATCAG-GTGGCC,LS.BO.I1.U.2,589590,0,48,589542,50386273,0.011701401,0.999919,NA,NA,NA,NA,NA,NA,NA,NA
0,AMH_macro_8_10_8px_S108,GGCTAC-GTCCGC,LS.BO.I2.U.2,180934,0,22,180912,50386273,0.003590938,0.999878,NA,NA,NA,NA,NA,NA,NA,NA
0,AMH_macro_8_11_8px_S109,TAGCTT-GTCCGC,LS.BO.I4.U.3,255038,0,28,255010,65982292,0.003865249,0.99989,NA,NA,NA,NA,NA,NA,NA,NA
0,AMH_macro_8_11_8px_S109,GGCTAC-GTTTCG,LS.BO.I4.U.4,995932,0,116,995816,65982292,0.015093929,0.999884,NA,NA,NA,NA,NA,NA,NA,NA
0,AMH_macro_8_11_8px_S109,CTTGTA-GTGGCC,LS.BO.I4.U.5,220036,0,26,220010,65982292,0.003334774,0.999882,NA,NA,NA,NA,NA,NA,NA,NA
0,AMH_macro_8_12_8px_S110,GATCAG-GTCCGC,LS.BO.R2.U.3,861644,0,102,861542,60010237,0.014358284,0.999882,NA,NA,NA,NA,NA,NA,NA,NA
0,AMH_macro_8_12_8px_S110,GGCTAC-GTGGCC,LS.BO.R2.U.5,53628,0,5,53623,60010237,8.93648e-4,0.999907,NA,NA,NA,NA,NA,NA,NA,NA
0,AMH_macro_8_13_8px_S111,GATCAG-CCGTCC,LS.BO.R4.U.3,458340,0,31,458309,67481107,0.006792123,0.999932,NA,NA,NA,NA,NA,NA,NA,NA
0,AMH_macro_8_13_8px_S111,GGCTAC-AGTTCC,EC.BO.LC2.M.1,103144,0,5,103139,67481107,0.001528487,0.999952,NA,NA,NA,NA,NA,NA,NA,NA
0,AMH_macro_8_14_8px_S112,TAGCTT-CCGTCC,TO.BO.HC2.M.2,456378,0,47,456331,58789797,0.007762878,0.999897,NA,NA,NA,NA,NA,NA,NA,NA
0,AMH_macro_8_2_8px_S100,ATCACG-GTGGCC,DS.BO.LC4.M.3,963338,0,102,963236,57204653,0.016840204,0.999894,NA,NA,NA,NA,NA,NA,NA,NA
0,AMH_macro_8_2_8px_S100,TTAGGC-GTCCGC,DS.BO.LC4.M.5,192014,0,31,191983,57204653,0.003356615,0.999839,NA,NA,NA,NA,NA,NA,NA,NA
0,AMH_macro_8_2_8px_S100,GCCAAT-CCGTCC,DS.BO.WL1.M.3,501426,0,51,501375,57204653,0.008765476,0.999898,NA,NA,NA,NA,NA,NA,NA,NA
0,AMH_macro_8_2_8px_S100,ACTTGA-AGTTCC,DS.BO.WL1.M.5,918954,0,93,918861,57204653,0.016064323,0.999899,NA,NA,NA,NA,NA,NA,NA,NA
0,AMH_macro_8_3_8px_S101,CGATGT-GTCCGC,DS.BO.WL2.M.2,239894,0,28,239866,38277506,0.006267232,0.999883,NA,NA,NA,NA,NA,NA,NA,NA
0,AMH_macro_8_3_8px_S101,TGACCA-GTGGCC,DS.BO.WL2.M.4,352488,0,45,352443,38277506,0.00920875,0.999872,NA,NA,NA,NA,NA,NA,NA,NA
0,AMH_macro_8_3_8px_S101,ACAGTG-AGTTCC,DS.BO.WL2.M.5,551866,0,78,551788,38277506,0.014417501,0.999859,NA,NA,NA,NA,NA,NA,NA,NA
0,AMH_macro_8_3_8px_S101,CAGATC-CCGTCC,DS.BO.WL3.M.2,98168,0,17,98151,38277506,0.002564639,0.999827,NA,NA,NA,NA,NA,NA,NA,NA
0,AMH_macro_8_4_8px_S102,TTAGGC-GTGGCC,DS.BO.WL4.M.1,133062,0,10,133052,53104248,0.002505675,0.999925,NA,NA,NA,NA,NA,NA,NA,NA
0,AMH_macro_8_4_8px_S102,GCCAAT-AGTTCC,DS.BO.WL4.M.4,400118,0,47,400071,53104248,0.007534576,0.999883,NA,NA,NA,NA,NA,NA,NA,NA
0,AMH_macro_8_4_8px_S102,ACTTGA-CCGTCC,DS.BO.I1.U.1,342886,0,34,342852,53104248,0.006456847,0.999901,NA,NA,NA,NA,NA,NA,NA,NA
0,AMH_macro_8_5_12px_S103,ATCACG-CCGTCC,DS.BO.I1.U.2,401756,0,44,401712,122750254,0.003272955,0.99989,NA,NA,NA,NA,NA,NA,NA,NA
0,AMH_macro_8_5_12px_S103,TTAGGC-AGTTCC,DS.BO.I1.U.4,161772,0,29,161743,122750254,0.001317895,0.999821,NA,NA,NA,NA,NA,NA,NA,NA
0,AMH_macro_8_5_12px_S103,GCCAAT-GTGGCC,DS.BO.I4.U.2,869260,0,126,869134,122750254,0.007081533,0.999855,NA,NA,NA,NA,NA,NA,NA,NA
0,AMH_macro_8_6_12px_S104,CGATGT-CCGTCC,DS.BO.R1.U.5,615246,0,79,615167,79125897,0.007775533,0.999872,NA,NA,NA,NA,NA,NA,NA,NA
0,AMH_macro_8_6_12px_S104,TGACCA-AGTTCC,DS.BO.R3.U.2,604170,0,61,604109,79125897,0.007635553,0.999899,NA,NA,NA,NA,NA,NA,NA,NA
0,AMH_macro_8_6_12px_S104,ACAGTG-GTGGCC,DS.BO.R3.U.3,616136,0,68,616068,79125897,0.007786781,0.99989,NA,NA,NA,NA,NA,NA,NA,NA
0,AMH_macro_8_6_12px_S104,CAGATC-GTCCGC,DS.BO.R3.U.5,152536,0,18,152518,79125897,0.001927763,0.999882,NA,NA,NA,NA,NA,NA,NA,NA
0,AMH_macro_8_6_12px_S104,GGCTAC-CGTACG,DS.BO.R2.U.4,769034,0,66,768968,79125897,0.009719119,0.999914178,NA,NA,NA,NA,NA,NA,NA,NA
0,AMH_macro_8_7_12px_S105,TTAGGC-CCGTCC,DS.BO.R4.U.3,279376,0,35,279341,112390624,0.002485759,0.999875,NA,NA,NA,NA,NA,NA,NA,NA
0,AMH_macro_8_7_12px_S105,GCCAAT-GTCCGC,LS.BO.HC2.M.1,122412,0,14,122398,112390624,0.001089166,0.999886,NA,NA,NA,NA,NA,NA,NA,NA
0,AMH_macro_8_7_12px_S105,CAGATC-GTTTCG,LS.BO.HC2.M.2,479718,0,46,479672,112390624,0.00426831,0.999904,NA,NA,NA,NA,NA,NA,NA,NA
0,AMH_macro_8_7_12px_S105,ACTTGA-GTGGCC,LS.BO.HC2.M.3,90396,0,8,90388,112390624,8.04302e-4,0.999912,NA,NA,NA,NA,NA,NA,NA,NA
0,AMH_macro_8_7_12px_S105,GATCAG-GAGTGG,LS.BO.HC2.M.4,1023704,0,124,1023580,112390624,0.009108447,0.999879,NA,NA,NA,NA,NA,NA,NA,NA
0,AMH_macro_8_7_12px_S105,GGCTAC-ATTCCT,LS.BO.HC4.M.1,194704,0,17,194687,112390624,0.001732387,0.999912688,NA,NA,NA,NA,NA,NA,NA,NA
0,AMH_macro_8_8_12px_S106,TTAGGC-ATGTCA,LS.BO.HC4.M.5,203814,0,35,203779,76488205,0.002664646,0.999828,NA,NA,NA,NA,NA,NA,NA,NA
0,AMH_macro_8_8_12px_S106,TGACCA-CCGTCC,LS.BO.LC1.M.1,857668,0,84,857584,76488205,0.011213075,0.999902,NA,NA,NA,NA,NA,NA,NA,NA
0,AMH_macro_8_8_12px_S106,CAGATC-GTGGCC,LS.BO.LC4.M.1,123762,0,12,123750,76488205,0.001618053,0.999903,NA,NA,NA,NA,NA,NA,NA,NA
0,AMH_macro_8_9_8px_S107,TAGCTT-GTGGCC,LS.BO.WL2.M.4,589040,0,57,588983,45210173,0.013028926,0.999903,NA,NA,NA,NA,NA,NA,NA,NA
0,AMH_macro_8_9_8px_S107,CTTGTA-GTCCGC,LS.BO.WL3.M.2,939762,0,78,939684,45210173,0.020786516,0.999917,NA,NA,NA,NA,NA,NA,NA,NA
0,AMH_macro_9_1_8px_S113,TAGCTT-AGTTCC,TO.BO.HC4.M.1,429498,0,62,429436,49249084,0.008720934,0.999856,NA,NA,NA,NA,NA,NA,NA,NA
0,AMH_macro_9_1_8px_S113,GGCTAC-ATGTCA,TO.BO.HC4.M.2,743652,0,72,743580,49249084,0.015099814,0.999903,NA,NA,NA,NA,NA,NA,NA,NA
0,AMH_macro_9_1_8px_S113,CTTGTA-CCGTCC,TO.BO.HC4.M.3,477580,0,50,477530,49249084,0.009697236,0.999895,NA,NA,NA,NA,NA,NA,NA,NA
0,AMH_macro_9_10_12px_S122,ATCACG-AGTTCC,TO.BO.R4.U.6,317236,0,60,317176,63510389,0.004995025,0.999811,NA,NA,NA,NA,NA,NA,NA,NA
0,AMH_macro_9_10_12px_S122,TTAGGC-CCGTCC,TO.MN.L01-TO.PA.M.2,145230,0,14,145216,63510389,0.002286712,0.999904,NA,NA,NA,NA,NA,NA,NA,NA
0,AMH_macro_9_10_12px_S122,ACTTGA-GTGGCC,TO.MN.L02-TO.M.2,439282,0,47,439235,63510389,0.006916695,0.999893,NA,NA,NA,NA,NA,NA,NA,NA
0,AMH_macro_9_10_12px_S122,GGCTAC-ATTCCT,TO.MN.L02-TO.M.5,831110,0,86,831024,63510389,0.013086205,0.999896524,NA,NA,NA,NA,NA,NA,NA,NA
0,AMH_macro_9_11_12px_S123,CGATGT-CCGTCC,TO.MN.L03-TO.M.3,159470,0,18,159452,74214912,0.00214876,0.999887,NA,NA,NA,NA,NA,NA,NA,NA
0,AMH_macro_9_11_12px_S123,TGACCA-AGTTCC,TO.MN.L03-TO.M.5,947258,0,119,947139,74214912,0.012763715,0.999874,NA,NA,NA,NA,NA,NA,NA,NA
0,AMH_macro_9_11_12px_S123,ACAGTG-GTGGCC,TO.MN.L04-TO.M.1,209464,0,18,209446,74214912,0.002822398,0.999914,NA,NA,NA,NA,NA,NA,NA,NA
0,AMH_macro_9_11_12px_S123,CAGATC-GTCCGC,TO.MN.L04-TO.M.3,557846,0,55,557791,74214912,0.00751663,0.999901,NA,NA,NA,NA,NA,NA,NA,NA
0,AMH_macro_9_12_12px_S124,ATCACG-CCGTCC,TO.MN.L05-TO.M.4,324466,0,25,324441,70726224,0.004587634,0.999923,NA,NA,NA,NA,NA,NA,NA,NA
0,AMH_macro_9_12_12px_S124,TTAGGC-AGTTCC,TO.MN.L06-TO.M.1,416544,0,40,416504,70726224,0.005889527,0.999904,NA,NA,NA,NA,NA,NA,NA,NA
0,AMH_macro_9_12_12px_S124,GCCAAT-GTGGCC,TO.MN.L06-TO.M.4,886518,0,115,886403,70726224,0.012534502,0.99987,NA,NA,NA,NA,NA,NA,NA,NA
0,AMH_macro_9_12_12px_S124,ACTTGA-GTCCGC,TO.MN.L07-TO.M.1,581120,0,70,581050,70726224,0.008216471,0.99988,NA,NA,NA,NA,NA,NA,NA,NA
0,AMH_macro_9_13_8px_S125,TTAGGC-GTGGCC,TO.MN.L08-TO.M.3,406460,0,47,406413,75745737,0.005366111,0.999884,NA,NA,NA,NA,NA,NA,NA,NA
0,AMH_macro_9_13_8px_S125,ACTTGA-CCGTCC,TO.MN.L09-TO.M.3,819840,0,98,819742,75745737,0.010823579,0.99988,NA,NA,NA,NA,NA,NA,NA,NA
0,AMH_macro_9_14_8px_S126,TGACCA-GTGGCC,TO.MN.L10-TO.M.2,845216,0,101,845115,60676252,0.013929931,0.999881,NA,NA,NA,NA,NA,NA,NA,NA
0,AMH_macro_9_14_8px_S126,CAGATC-CCGTCC,TO.MN.L10-TO.M.5,599200,0,64,599136,60676252,0.009875363,0.999893,NA,NA,NA,NA,NA,NA,NA,NA
0,AMH_macro_9_2_8px_S114,GATCAG-AGTTCC,TO.BO.LC1.M.3,842264,0,96,842168,56315549,0.014956154,0.999886,NA,NA,NA,NA,NA,NA,NA,NA
0,AMH_macro_9_2_8px_S114,GGCTAC-CCGTCC,TO.BO.LC1.M.5,66070,0,9,66061,56315549,0.001173211,0.999864,NA,NA,NA,NA,NA,NA,NA,NA
0,AMH_macro_9_3_8px_S115,TTAGGC-CGTACG,TO.BO.LC2.M.4,634234,0,72,634162,54020903,0.011740529,0.999886,NA,NA,NA,NA,NA,NA,NA,NA
0,AMH_macro_9_3_8px_S115,TAGCTT-CCGTCC,TO.BO.LC3.M.2,353966,0,37,353929,54020903,0.00655239,0.999895,NA,NA,NA,NA,NA,NA,NA,NA
0,AMH_macro_9_3_8px_S115,GGCTAC-AGTCAA,TO.BO.LC3.M.3,528142,0,60,528082,54020903,0.009776623,0.999886,NA,NA,NA,NA,NA,NA,NA,NA
0,AMH_macro_9_3_8px_S115,CTTGTA-AGTTCC,TO.BO.LC3.M.4,777456,0,81,777375,54020903,0.014391762,0.999896,NA,NA,NA,NA,NA,NA,NA,NA
0,AMH_macro_9_4_8px_S116,GATCAG-CCGTCC,TO.BO.LC4.M.4,145248,0,15,145233,50326092,0.002886137,0.999897,NA,NA,NA,NA,NA,NA,NA,NA
0,AMH_macro_9_4_8px_S116,GGCTAC-AGTTCC,TO.BO.WL1.M.1,112860,0,17,112843,50326092,0.0022425740000000002,0.999849,NA,NA,NA,NA,NA,NA,NA,NA
0,AMH_macro_9_5_8px_S117,GATCAG-GTCCGC,TO.BO.WL2.M.2,528430,0,51,528379,54745569,0.009652471,0.999903,NA,NA,NA,NA,NA,NA,NA,NA
0,AMH_macro_9_5_8px_S117,GGCTAC-GTGGCC,TO.BO.WL2.M.4,140398,0,13,140385,54745569,0.002564555,0.999907,NA,NA,NA,NA,NA,NA,NA,NA
0,AMH_macro_9_6_8px_S118,CTTGTA-GTGGCC,TO.BO.WL4.M.4,801662,0,115,801547,51207283,0.015655234,0.999857,NA,NA,NA,NA,NA,NA,NA,NA
0,AMH_macro_9_7_8px_S119,GATCAG-GTGGCC,TO.BO.I1.U.4,648348,0,64,648284,52866544,0.012263862,0.999901,NA,NA,NA,NA,NA,NA,NA,NA
0,AMH_macro_9_7_8px_S119,GGCTAC-GTCCGC,TO.BO.I2.U.1,95438,0,10,95428,52866544,0.001805263,0.999895,NA,NA,NA,NA,NA,NA,NA,NA
0,AMH_macro_9_8_8px_S120,TAGCTT-GTGGCC,TO.BO.I3.U.3,344650,0,33,344617,44452651,0.007753193,0.999904,NA,NA,NA,NA,NA,NA,NA,NA
0,AMH_macro_9_8_8px_S120,CTTGTA-GTCCGC,TO.BO.I4.U.1,835162,0,101,835061,44452651,0.018787676,0.999879,NA,NA,NA,NA,NA,NA,NA,NA
0,AMH_macro_9_9_12px_S121,CGATGT-AGTTCC,TO.BO.I4.U.3,838208,0,95,838113,70134999,0.011951351,0.999887,NA,NA,NA,NA,NA,NA,NA,NA
0,AMH_macro_9_9_12px_S121,TGACCA-CCGTCC,TO.BO.I4.U.5,525294,0,65,525229,70134999,0.007489756,0.999876,NA,NA,NA,NA,NA,NA,NA,NA
0,AMH_macro_9_9_12px_S121,ACAGTG-GTCCGC,TO.BO.R2.U.1,724636,0,85,724551,70134999,0.010332017,0.999883,NA,NA,NA,NA,NA,NA,NA,NA
0,AMH_macro_9_9_12px_S121,CAGATC-GTGGCC,TO.BO.R2.U.3,343736,0,48,343688,70134999,0.004901062,0.99986,NA,NA,NA,NA,NA,NA,NA,NA
