Filename,Population
CD.BA.AA.U.1,Baltimore
CD.BA.AA.U.3,Baltimore
CD.BA.AA.U.4,Baltimore
CD.BA.CP.U.2,Baltimore
CD.BA.CP.U.4,Baltimore
CD.BA.CP.U.5,Baltimore
CD.BA.DHI.U.2,Baltimore
CD.BA.DHI.U.3,Baltimore
CD.BA.FH.U.1,Baltimore
CD.BA.FH.U.3,Baltimore
CD.BA.FH.U.4,Baltimore
CD.BA.FH.U.5,Baltimore
CD.BA.GA.U.1,Baltimore
CD.BA.GA.U.3,Baltimore
CD.BA.GA.U.4,Baltimore
CD.BA.GA.U.5,Baltimore
CD.BA.LA.U.1,Baltimore
CD.BA.LA.U.2,Baltimore
CD.BA.LA.U.3,Baltimore
CD.BA.LA.U.4,Baltimore
CD.BA.LH-2.M.2,Baltimore
CD.BA.LH-2.M.3,Baltimore
CD.BA.LH-2.M.4,Baltimore
CD.BA.LH-2.M.5,Baltimore
CD.BA.LL-4.M.1,Baltimore
CD.BA.LL-4.M.2,Baltimore
CD.BA.LL-4.M.4,Baltimore
CD.BA.PIK.U.1,Baltimore
CD.BA.PIK.U.2,Baltimore
CD.BA.PIK.U.4,Baltimore
CD.BA.PIK.U.5,Baltimore
CD.BA.PSP.M.1,Baltimore
CD.BA.PSP.M.4,Baltimore
CD.BA.RG-1.M.1,Baltimore
CD.BA.RG-1.M.2,Baltimore
CD.BA.RG-1.M.4,Baltimore
CD.BA.RG-1.M.5,Baltimore
CD.BA.TRC.U.1,Baltimore
CD.BA.TRC.U.2,Baltimore
CD.BA.TRC.U.3,Baltimore
CD.BA.TRC.U.5,Baltimore
CD.BA.W3.M.1,Baltimore
CD.BA.W3.M.3,Baltimore
CD.BA.W3.M.4,Baltimore
CD.BA.W3.M.5,Baltimore
CD.BA.WB.U.1,Baltimore
CD.BA.WB.U.2,Baltimore
CD.BA.WB.U.3,Baltimore
CD.BA.WB.U.4,Baltimore
CD.BA.WB.U.5,Baltimore
CD.BA.WBO.U.1,Baltimore
CD.BA.WBO.U.2,Baltimore
CD.BA.WBO.U.3,Baltimore
CD.BA.WBO.U.4,Baltimore
CD.BA.WBO.U.5,Baltimore
CD.BA.WGP.M.1,Baltimore
CD.BA.WGP.M.2,Baltimore
CD.BA.WGP.M.3,Baltimore
CD.BA.WGP.M.4,Baltimore
CD.BA.WGP.M.5,Baltimore
CD.LA.ALL.M.1,Los Angeles
CD.LA.ALL.M.2,Los Angeles
CD.LA.ALL.M.3,Los Angeles
CD.LA.ALL.M.4,Los Angeles
CD.LA.ALL.M.5,Los Angeles
CD.LA.GLO.M.2,Los Angeles
CD.LA.GLO.M.4,Los Angeles
CD.LA.GLO.M.5,Los Angeles
CD.LA.HAR.M.1,Los Angeles
CD.LA.HAR.M.3,Los Angeles
CD.LA.HAR.M.4,Los Angeles
CD.LA.HAR.M.5,Los Angeles
CD.LA.KIN.M.1,Los Angeles
CD.LA.KIN.M.2,Los Angeles
CD.LA.KIN.M.3,Los Angeles
CD.LA.KIN.M.4,Los Angeles
CD.LA.KIN.M.5,Los Angeles
CD.LA.LUB.M.2,Los Angeles
CD.LA.LUB.M.3,Los Angeles
CD.LA.LUB.M.5,Los Angeles
CD.LA.MR2.M.1,Los Angeles
CD.LA.MR2.M.2,Los Angeles
CD.LA.MR2.M.3,Los Angeles
CD.LA.MR2.M.4,Los Angeles
CD.LA.MR2.M.5,Los Angeles
CD.LA.NWH.M.1,Los Angeles
CD.LA.NWH.M.2,Los Angeles
CD.LA.NWH.M.3,Los Angeles
CD.LA.NWH.M.4,Los Angeles
CD.LA.NWH.M.5,Los Angeles
CD.LA.ROS.M.1,Los Angeles
CD.LA.ROS.M.3,Los Angeles
CD.LA.ROS.M.5,Los Angeles
CD.LA.SEP.M.1,Los Angeles
CD.LA.SEP.M.2,Los Angeles
CD.LA.SEP.M.3,Los Angeles
CD.LA.SEP.M.4,Los Angeles
CD.LA.SEP.M.5,Los Angeles
CD.LA.VAL.M.2,Los Angeles
CD.LA.VAL.M.3,Los Angeles
CD.LA.VAL.M.4,Los Angeles
CD.LA.VAL.M.5,Los Angeles
CD.LA.WHI.M.1,Los Angeles
CD.LA.WHI.M.2,Los Angeles
CD.LA.WHI.M.3,Los Angeles
CD.LA.ZOO.M.2,Los Angeles
CD.LA.ZOO.M.3,Los Angeles
CD.LA.ZOO.M.5,Los Angeles
CD.PX.ALA.M.1,Phoenix
CD.PX.ALA.M.2,Phoenix
CD.PX.ALA.M.4,Phoenix
CD.PX.ASH.U.1,Phoenix
CD.PX.ASH.U.3,Phoenix
CD.PX.ASH.U.4,Phoenix
CD.PX.ASH.U.5,Phoenix
CD.PX.ASU.M.1,Phoenix
CD.PX.ASU.M.2,Phoenix
CD.PX.ASU.M.3,Phoenix
CD.PX.ASU.M.4,Phoenix
CD.PX.ASU.M.5,Phoenix
CD.PX.BUF.M.1,Phoenix
CD.PX.BUF.M.2,Phoenix
CD.PX.BUF.M.3,Phoenix
CD.PX.BUF.M.5,Phoenix
CD.PX.CAM.U.1,Phoenix
CD.PX.CAM.U.3,Phoenix
CD.PX.CAM.U.5,Phoenix
CD.PX.CLA.M.1,Phoenix
CD.PX.CLA.M.2,Phoenix
CD.PX.CLA.M.3,Phoenix
CD.PX.CLA.M.4,Phoenix
CD.PX.COY.M.1,Phoenix
CD.PX.COY.M.2,Phoenix
CD.PX.COY.M.4,Phoenix
CD.PX.COY.M.5,Phoenix
CD.PX.DF1.M.2,Phoenix
CD.PX.DF1.M.3,Phoenix
CD.PX.DF1.M.4,Phoenix
CD.PX.DF1.M.5,Phoenix
CD.PX.ENC.M.1,Phoenix
CD.PX.ENC.M.2,Phoenix
CD.PX.ENC.M.3,Phoenix
CD.PX.ENC.M.5,Phoenix
CD.PX.LAP.M.1,Phoenix
CD.PX.LAP.M.3,Phoenix
CD.PX.LAP.M.4,Phoenix
CD.PX.LAP.M.5,Phoenix
CD.PX.MAN.M.1,Phoenix
CD.PX.MAN.M.2,Phoenix
CD.PX.MAN.M.3,Phoenix
CD.PX.MAN.M.4,Phoenix
CD.PX.MAN.M.5,Phoenix
CD.PX.MON.U.2,Phoenix
CD.PX.MON.U.4,Phoenix
CD.PX.MON.U.5,Phoenix
CD.PX.MTN.M.2,Phoenix
CD.PX.MTN.M.3,Phoenix
CD.PX.MTN.M.4,Phoenix
CD.PX.MTN.M.5,Phoenix
CD.PX.NES.U.1,Phoenix
CD.PX.NES.U.2,Phoenix
CD.PX.NES.U.3,Phoenix
CD.PX.NES.U.4,Phoenix
CD.PX.NES.U.5,Phoenix
CD.PX.NET.U.2,Phoenix
CD.PX.NET.U.4,Phoenix
CD.PX.NUE.M.2,Phoenix
CD.PX.NUE.M.5,Phoenix
CD.PX.PAL.M.1,Phoenix
CD.PX.PAL.M.3,Phoenix
CD.PX.PAL.M.4,Phoenix
CD.PX.PAL.M.5,Phoenix
CD.PX.PKW.U.2,Phoenix
CD.PX.PKW.U.3,Phoenix
CD.PX.PKW.U.4,Phoenix
CD.PX.PKW.U.5,Phoenix
CD.PX.PSC.M.1,Phoenix
CD.PX.PSC.M.3,Phoenix
CD.PX.PSC.M.5,Phoenix
CD.PX.RPC.M.1,Phoenix
CD.PX.RPC.M.3,Phoenix
CD.PX.RPC.M.4,Phoenix
CD.PX.RPC.M.5,Phoenix
CD.PX.RRT.U.2,Phoenix
CD.PX.RRT.U.4,Phoenix
CD.PX.RRT.U.5,Phoenix
CD.PX.WES.M.1,Phoenix
CD.PX.WES.M.3,Phoenix
CD.PX.WES.M.4,Phoenix
CD.PX.WES.M.5,Phoenix
DS.BA.AA.U.1,Baltimore
DS.BA.AA.U.2,Baltimore
DS.BA.AA.U.4,Baltimore
DS.BA.CP.U.2,Baltimore
DS.BA.CP.U.5,Baltimore
DS.BA.DHI.U.1,Baltimore
DS.BA.DHI.U.3,Baltimore
DS.BA.DHI.U.4,Baltimore
DS.BA.DHI.U.5,Baltimore
DS.BA.GA.U.1,Baltimore
DS.BA.GA.U.2,Baltimore
DS.BA.GA.U.3,Baltimore
DS.BA.GA.U.4,Baltimore
DS.BA.LA.U.1,Baltimore
DS.BA.LA.U.2,Baltimore
DS.BA.LA.U.3,Baltimore
DS.BA.LA.U.5,Baltimore
DS.BA.LH-1.M.1,Baltimore
DS.BA.LH-1.M.2,Baltimore
DS.BA.LH-1.M.4,Baltimore
DS.BA.LH-2.M.1,Baltimore
DS.BA.LH-2.M.3,Baltimore
DS.BA.LH-2.M.5,Baltimore
DS.BA.LH-3.M.1,Baltimore
DS.BA.LH-3.M.2,Baltimore
DS.BA.LH-3.M.3,Baltimore
DS.BA.LH-3.M.4,Baltimore
DS.BA.LH-3.M.5,Baltimore
DS.BA.LL-3.M.1,Baltimore
DS.BA.LL-3.M.3,Baltimore
DS.BA.LL-4.M.1,Baltimore
DS.BA.LL-4.M.3,Baltimore
DS.BA.LL-4.M.5,Baltimore
DS.BA.PIK.U.1,Baltimore
DS.BA.PIK.U.3,Baltimore
DS.BA.PSP.M.2,Baltimore
DS.BA.PSP.M.5,Baltimore
DS.BA.RG-1.M.1,Baltimore
DS.BA.RG-1.M.3,Baltimore
DS.BA.RG-1.M.4,Baltimore
DS.BA.RG-2.M.2,Baltimore
DS.BA.RG-2.M.3,Baltimore
DS.BA.RG-2.M.4,Baltimore
DS.BA.RG-2.M.5,Baltimore
DS.BA.TRC.U.2,Baltimore
DS.BA.TRC.U.3,Baltimore
DS.BA.TRC.U.4,Baltimore
DS.BA.TRC.U.5,Baltimore
DS.BA.W3.M.2,Baltimore
DS.BA.W3.M.3,Baltimore
DS.BA.W3.M.4,Baltimore
DS.BA.WB.U.2,Baltimore
DS.BA.WB.U.3,Baltimore
DS.BA.WB.U.4,Baltimore
DS.BA.WB.U.5,Baltimore
DS.BO.HC1.M.1,Boston
DS.BO.HC1.M.2,Boston
DS.BO.HC1.M.3,Boston
DS.BO.HC1.M.5,Boston
DS.BO.HC2.M.2,Boston
DS.BO.HC2.M.3,Boston
DS.BO.HC2.M.4,Boston
DS.BO.HC2.M.5,Boston
DS.BO.HC4.M.1,Boston
DS.BO.HC4.M.3,Boston
DS.BO.HC4.M.4,Boston
DS.BO.HC4.M.5,Boston
DS.BO.I1.U.3,Boston
DS.BO.I2.U.1,Boston
DS.BO.I4.U.1,Boston
DS.BO.I4.U.3,Boston
DS.BO.I4.U.4,Boston
DS.BO.I4.U.5,Boston
DS.BO.LC1.M.1,Boston
DS.BO.LC1.M.2,Boston
DS.BO.LC1.M.3,Boston
DS.BO.LC1.M.5,Boston
DS.BO.LC2.M.2,Boston
DS.BO.LC2.M.3,Boston
DS.BO.LC2.M.5,Boston
DS.BO.LC3.M.5,Boston
DS.BO.LC4.M.2,Boston
DS.BO.LC4.M.4,Boston
DS.BO.R1.U.1,Boston
DS.BO.R1.U.2,Boston
DS.BO.R1.U.3,Boston
DS.BO.R1.U.4,Boston
DS.BO.R2.U.1,Boston
DS.BO.R2.U.2,Boston
DS.BO.R2.U.3,Boston
DS.BO.R2.U.5,Boston
DS.BO.R3.U.1,Boston
DS.BO.R3.U.4,Boston
DS.BO.R4.U.1,Boston
DS.BO.R4.U.2,Boston
DS.BO.R4.U.4,Boston
DS.BO.R4.U.5,Boston
DS.BO.WL1.M.1,Boston
DS.BO.WL1.M.2,Boston
DS.BO.WL1.M.4,Boston
DS.BO.WL2.M.1,Boston
DS.BO.WL2.M.3,Boston
DS.BO.WL3.M.1,Boston
DS.BO.WL3.M.3,Boston
DS.BO.WL3.M.4,Boston
DS.BO.WL3.M.5,Boston
DS.BO.WL4.M.2,Boston
DS.BO.WL4.M.3,Boston
DS.BO.WL4.M.5,Boston
DS.MN.L01-DS.M.1,Minneapolis
DS.MN.L01-DS.M.2,Minneapolis
DS.MN.L01-DS.M.3,Minneapolis
DS.MN.L01-DS.M.5,Minneapolis
DS.MN.L01-DS.U.2,Minneapolis
DS.MN.L01-DS.U.3,Minneapolis
DS.MN.L01-DS.U.4,Minneapolis
DS.MN.L02-DS.M.2,Minneapolis
DS.MN.L02-DS.M.4,Minneapolis
DS.MN.L02-DS.M.5,Minneapolis
DS.MN.L02-DS.U.1,Minneapolis
DS.MN.L02-DS.U.2,Minneapolis
DS.MN.L02-DS.U.3,Minneapolis
DS.MN.L02-DS.U.4,Minneapolis
DS.MN.L03-DS.M.1,Minneapolis
DS.MN.L03-DS.M.2,Minneapolis
DS.MN.L03-DS.M.4,Minneapolis
DS.MN.L03-DS.M.5,Minneapolis
DS.MN.L03-DS.U.1,Minneapolis
DS.MN.L03-DS.U.2,Minneapolis
DS.MN.L03-DS.U.3,Minneapolis
DS.MN.L03-DS.U.4,Minneapolis
DS.MN.L03-DS.U.5,Minneapolis
DS.MN.L04-DS.M.1,Minneapolis
DS.MN.L04-DS.M.2,Minneapolis
DS.MN.L04-DS.M.3,Minneapolis
DS.MN.L04-DS.M.5,Minneapolis
DS.MN.L04-DS.U.2,Minneapolis
DS.MN.L04-DS.U.4,Minneapolis
DS.MN.L04-DS.U.5,Minneapolis
DS.MN.L05-DS.M.3,Minneapolis
DS.MN.L05-DS.M.5,Minneapolis
DS.MN.L05-DS.U.1,Minneapolis
DS.MN.L05-DS.U.2,Minneapolis
DS.MN.L05-DS.U.4,Minneapolis
DS.MN.L06-DS.M.1,Minneapolis
DS.MN.L06-DS.M.2,Minneapolis
DS.MN.L06-DS.M.4,Minneapolis
DS.MN.L06-DS.U.1,Minneapolis
DS.MN.L06-DS.U.2,Minneapolis
DS.MN.L06-DS.U.3,Minneapolis
DS.MN.L06-DS.U.4,Minneapolis
DS.MN.L06-DS.U.5,Minneapolis
DS.MN.L07-DS.M.1,Minneapolis
DS.MN.L07-DS.M.3,Minneapolis
DS.MN.L07-DS.M.4,Minneapolis
DS.MN.L07-DS.U.1,Minneapolis
DS.MN.L07-DS.U.3,Minneapolis
DS.MN.L07-DS.U.5,Minneapolis
DS.MN.L08-DS.M.2,Minneapolis
DS.MN.L08-DS.M.4,Minneapolis
DS.MN.L08-DS.M.5,Minneapolis
DS.MN.L08-DS.U.1,Minneapolis
DS.MN.L08-DS.U.2,Minneapolis
DS.MN.L08-DS.U.3,Minneapolis
DS.MN.L08-DS.U.5,Minneapolis
DS.MN.L09-DS.M.1,Minneapolis
DS.MN.L09-DS.M.2,Minneapolis
DS.MN.L09-DS.M.3,Minneapolis
DS.MN.L09-DS.M.5,Minneapolis
DS.MN.L09-DS.U.2,Minneapolis
DS.MN.L09-DS.U.3,Minneapolis
DS.MN.L09-DS.U.4,Minneapolis
DS.MN.L09-DS.U.5,Minneapolis
DS.MN.L10-DS.M.3,Minneapolis
DS.MN.L10-DS.M.5,Minneapolis
DS.MN.L10-DS.U.1,Minneapolis
DS.MN.L10-DS.U.3,Minneapolis
DS.MN.L10-DS.U.5,Minneapolis
DS.MN.L11-DS.M.1,Minneapolis
DS.MN.L11-DS.M.2,Minneapolis
DS.MN.L11-DS.M.3,Minneapolis
DS.MN.L11-DS.M.4,Minneapolis
DS.MN.L11-DS.M.5,Minneapolis
DS.MN.L11-DS.U.1,Minneapolis
DS.MN.L11-DS.U.2,Minneapolis
DS.MN.L11-DS.U.3,Minneapolis
DS.MN.L11-DS.U.4,Minneapolis
DS.MN.L11-DS.U.5,Minneapolis
DS.MN.L12-DS.M.2,Minneapolis
DS.MN.L12-DS.M.5,Minneapolis
DS.PX.ALA.M.1,Phoenix
DS.PX.BUF.M.1,Phoenix
DS.PX.CLA.M.1,Phoenix
DS.PX.DF1.M.1,Phoenix
DS.PX.DF2.M.1,Phoenix
DS.PX.DF2.M.2,Phoenix
DS.PX.DF2.M.3,Phoenix
DS.PX.DOW.M.1,Phoenix
DS.PX.DOW.M.2,Phoenix
DS.PX.DOW.M.3,Phoenix
DS.PX.DOW.M.4,Phoenix
DS.PX.DOW.M.5,Phoenix
DS.PX.ENC.M.1,Phoenix
DS.PX.ENC.M.2,Phoenix
DS.PX.ENC.M.3,Phoenix
DS.PX.ENC.M.4,Phoenix
DS.PX.ENC.M.5,Phoenix
DS.PX.LAP.M.1,Phoenix
DS.PX.LAP.M.2,Phoenix
DS.PX.LAP.M.3,Phoenix
DS.PX.LAP.M.5,Phoenix
DS.PX.LAP.M.6,Phoenix
DS.PX.MTN.M.2,Phoenix
DS.PX.MTN.M.4,Phoenix
DS.PX.MTN.M.5,Phoenix
DS.PX.MTN.M.6,Phoenix
DS.PX.NUE.M.2,Phoenix
DS.PX.NUE.M.4,Phoenix
DS.PX.PIE.M.1,Phoenix
DS.PX.PIE.M.2,Phoenix
DS.PX.PIE.M.3,Phoenix
DS.PX.PIE.M.4,Phoenix
DS.PX.WES.M.1,Phoenix
DS.PX.WES.M.2,Phoenix
DS.PX.WES.M.3,Phoenix
DS.PX.WES.M.5,Phoenix
EC.BA.CP.U.2,Baltimore
EC.BA.CP.U.4,Baltimore
EC.BA.CP.U.5,Baltimore
EC.BA.FH.U.1,Baltimore
EC.BA.FH.U.2,Baltimore
EC.BA.FH.U.3,Baltimore
EC.BA.FH.U.4,Baltimore
EC.BA.FH.U.5,Baltimore
EC.BA.GA.U.1,Baltimore
EC.BA.GA.U.2,Baltimore
EC.BA.GA.U.3,Baltimore
EC.BA.GA.U.4,Baltimore
EC.BA.GA.U.5,Baltimore
EC.BA.LH-2.M.1,Baltimore
EC.BA.LH-2.M.2,Baltimore
EC.BA.LH-3.M.1,Baltimore
EC.BA.LH-3.M.5,Baltimore
EC.BA.LL-3.M.3,Baltimore
EC.BA.LL-3.M.5,Baltimore
EC.BA.LL-4.M.1,Baltimore
EC.BA.LL-4.M.2,Baltimore
EC.BA.LL-4.M.4,Baltimore
EC.BA.ML.U.1,Baltimore
EC.BA.ML.U.3,Baltimore
EC.BA.ML.U.4,Baltimore
EC.BA.PIK.U.2,Baltimore
EC.BA.PIK.U.3,Baltimore
EC.BA.PIK.U.5,Baltimore
EC.BA.PSP.M.1,Baltimore
EC.BA.PSP.M.4,Baltimore
EC.BA.PSP.M.5,Baltimore
EC.BA.TRC.U.1,Baltimore
EC.BA.TRC.U.2,Baltimore
EC.BA.TRC.U.3,Baltimore
EC.BA.TRC.U.4,Baltimore
EC.BA.TRC.U.5,Baltimore
EC.BA.WB.U.1,Baltimore
EC.BA.WB.U.3,Baltimore
EC.BA.WB.U.4,Baltimore
EC.BA.WB.U.5,Baltimore
EC.BA.WBO.U.4,Baltimore
EC.BO.R4.U.1,Boston
EC.LA.AC1.U.1,Los Angeles
EC.LA.AC1.U.2,Los Angeles
EC.LA.AC1.U.3,Los Angeles
EC.LA.AC1.U.4,Los Angeles
EC.LA.AC2.U.1,Los Angeles
EC.LA.AC2.U.2,Los Angeles
EC.LA.AC2.U.4,Los Angeles
EC.LA.DUR.U.1,Los Angeles
EC.LA.DUR.U.2,Los Angeles
EC.LA.DUR.U.4,Los Angeles
EC.LA.HOW.U.1,Los Angeles
EC.LA.HOW.U.2,Los Angeles
EC.LA.HOW.U.3,Los Angeles
EC.LA.HOW.U.4,Los Angeles
EC.LA.HOW.U.5,Los Angeles
EC.LA.SAN.U.2,Los Angeles
EC.LA.SAN.U.4,Los Angeles
EC.LA.SAN.U.5,Los Angeles
EC.LA.SGB.U.1,Los Angeles
EC.LA.SGB.U.2,Los Angeles
EC.LA.SGB.U.3,Los Angeles
EC.LA.SGB.U.4,Los Angeles
EC.LA.SGB.U.5,Los Angeles
EC.LA.SGR.U.2,Los Angeles
EC.LA.SGR.U.3,Los Angeles
EC.LA.SGR.U.4,Los Angeles
EC.LA.SGR.U.5,Los Angeles
EC.LA.VB1.U.1,Los Angeles
EC.LA.VB1.U.3,Los Angeles
EC.LA.VB1.U.4,Los Angeles
EC.LA.VB1.U.5,Los Angeles
EC.LA.VB2.U.1,Los Angeles
EC.LA.VB2.U.4,Los Angeles
EC.LA.VER.U.1,Los Angeles
EC.LA.VER.U.2,Los Angeles
EC.LA.VER.U.3,Los Angeles
EC.LA.VER.U.4,Los Angeles
EC.PX.ALA.M.2,Phoenix
EC.PX.ALA.M.3,Phoenix
EC.PX.ALA.M.5,Phoenix
EC.PX.BUF.M.1,Phoenix
EC.PX.BUF.M.3,Phoenix
EC.PX.BUF.M.6,Phoenix
EC.PX.CLA.M.1,Phoenix
EC.PX.COY.M.1,Phoenix
EC.PX.COY.M.2,Phoenix
EC.PX.COY.M.3,Phoenix
EC.PX.COY.M.5,Phoenix
EC.PX.DF1.M.1,Phoenix
EC.PX.DF1.M.2,Phoenix
EC.PX.DOW.M.1,Phoenix
EC.PX.DOW.M.2,Phoenix
EC.PX.DOW.M.3,Phoenix
EC.PX.DOW.M.4,Phoenix
EC.PX.MAN.M.1,Phoenix
EC.PX.MAN.M.4,Phoenix
EC.PX.MTN.M.2,Phoenix
EC.PX.MTN.M.3,Phoenix
EC.PX.NUE.M.2,Phoenix
EC.PX.PSC.M.1,Phoenix
EC.PX.PSC.M.2,Phoenix
EC.PX.PSC.M.4,Phoenix
EC.PX.WES.M.1,Phoenix
EC.PX.WES.M.2,Phoenix
EC.PX.WES.M.3,Phoenix
EC.PX.WES.M.4,Phoenix
LS.BA.CP.U.2,Baltimore
LS.BA.CP.U.4,Baltimore
LS.BA.CP.U.5,Baltimore
LS.BA.DHI.U.2,Baltimore
LS.BA.GA.U.1,Baltimore
LS.BA.GA.U.3,Baltimore
LS.BA.GA.U.4,Baltimore
LS.BA.GA.U.5,Baltimore
LS.BA.ML.U.2,Baltimore
LS.BA.ML.U.4,Baltimore
LS.BA.ML.U.5,Baltimore
LS.BA.PIK.U.1,Baltimore
LS.BA.PIK.U.2,Baltimore
LS.BA.PIK.U.3,Baltimore
LS.BA.PIK.U.5,Baltimore
LS.BA.PSP.M.1,Baltimore
LS.BA.WB.U.1,Baltimore
LS.BA.WB.U.2,Baltimore
LS.BA.WB.U.3,Baltimore
LS.BA.WB.U.5,Baltimore
LS.BA.WBO.U.3,Baltimore
LS.BA.WBO.U.5,Baltimore
LS.BO.HC2.M.5,Boston
LS.BO.HC4.M.2,Boston
LS.BO.HC4.M.3,Boston
LS.BO.HC4.M.4,Boston
LS.BO.I1.U.1,Boston
LS.BO.I2.U.1,Boston
LS.BO.I2.U.3,Boston
LS.BO.I2.U.4,Boston
LS.BO.I2.U.5,Boston
LS.BO.I4.U.1,Boston
LS.BO.I4.U.2,Boston
LS.BO.LC1.M.2,Boston
LS.BO.LC2.M.1,Boston
LS.BO.LC4.M.2,Boston
LS.BO.LC4.M.3,Boston
LS.BO.LC4.M.4,Boston
LS.BO.LC4.M.5,Boston
LS.BO.R1.U.1,Boston
LS.BO.R1.U.2,Boston
LS.BO.R2.U.1,Boston
LS.BO.R2.U.2,Boston
LS.BO.R2.U.4,Boston
LS.BO.R3.U.1,Boston
LS.BO.R3.U.2,Boston
LS.BO.R3.U.3,Boston
LS.BO.R4.U.1,Boston
LS.BO.R4.U.2,Boston
LS.BO.R4.U.4,Boston
LS.BO.WL1.M.1,Boston
LS.BO.WL1.M.2,Boston
LS.BO.WL1.M.3,Boston
LS.BO.WL2.M.1,Boston
LS.BO.WL2.M.2,Boston
LS.BO.WL2.M.3,Boston
LS.BO.WL3.M.1,Boston
LS.BO.WL3.M.3,Boston
LS.BO.WL3.M.4,Boston
LS.BO.WL3.M.5,Boston
LS.LA.ARR.U.1,Los Angeles
LS.LA.ARR.U.2,Los Angeles
LS.LA.ARR.U.3,Los Angeles
LS.LA.ARR.U.4,Los Angeles
LS.LA.ARR.U.5,Los Angeles
LS.LA.CAN.U.3,Los Angeles
LS.LA.CRI.U.3,Los Angeles
LS.LA.CRI.U.4,Los Angeles
LS.LA.CRI.U.5,Los Angeles
LS.LA.ESM.M.1,Los Angeles
LS.LA.ESM.M.2,Los Angeles
LS.LA.ESM.M.4,Los Angeles
LS.LA.ESM.M.5,Los Angeles
LS.LA.FIG.U.1,Los Angeles
LS.LA.FIG.U.3,Los Angeles
LS.LA.FIG.U.5,Los Angeles
LS.LA.GLO.M.3,Los Angeles
LS.LA.GLO.M.5,Los Angeles
LS.LA.GRI.M.1,Los Angeles
LS.LA.GRI.M.3,Los Angeles
LS.LA.HOW.U.1,Los Angeles
LS.LA.HOW.U.3,Los Angeles
LS.LA.HOW.U.4,Los Angeles
LS.LA.HOW.U.5,Los Angeles
LS.LA.MAD.M.1,Los Angeles
LS.LA.MAD.M.2,Los Angeles
LS.LA.MAD.M.4,Los Angeles
LS.LA.MRC.U.2,Los Angeles
LS.LA.MRC.U.3,Los Angeles
LS.LA.MRC.U.4,Los Angeles
LS.LA.MRC.U.5,Los Angeles
LS.LA.NAV.M.2,Los Angeles
LS.LA.NAV.M.4,Los Angeles
LS.LA.NAV.M.5,Los Angeles
LS.LA.NVR.U.1,Los Angeles
LS.LA.PAR.M.2,Los Angeles
LS.LA.PAR.M.4,Los Angeles
LS.LA.SAN.U.1,Los Angeles
LS.LA.SAN.U.2,Los Angeles
LS.LA.SAN.U.3,Los Angeles
LS.LA.SAN.U.4,Los Angeles
LS.LA.SAN.U.5,Los Angeles
LS.LA.SHO.M.1,Los Angeles
LS.LA.SHO.M.2,Los Angeles
LS.LA.SHO.M.3,Los Angeles
LS.LA.SHO.M.4,Los Angeles
LS.LA.SHO.M.5,Los Angeles
LS.LA.SSV.M.1,Los Angeles
LS.LA.SSV.M.2,Los Angeles
LS.LA.SSV.M.3,Los Angeles
LS.LA.SSV.M.4,Los Angeles
LS.LA.SSV.M.5,Los Angeles
LS.LA.STO.U.1,Los Angeles
LS.LA.STO.U.4,Los Angeles
LS.LA.VB1.U.1,Los Angeles
LS.LA.VB1.U.2,Los Angeles
LS.LA.VB1.U.3,Los Angeles
LS.LA.VB1.U.4,Los Angeles
LS.LA.VER.U.1,Los Angeles
LS.LA.VER.U.2,Los Angeles
LS.LA.VER.U.5,Los Angeles
LS.LA.VET.M.3,Los Angeles
LS.LA.VET.M.4,Los Angeles
LS.LA.VET.M.5,Los Angeles
LS.LA.VNH.M.2,Los Angeles
LS.LA.VNH.M.4,Los Angeles
LS.LA.VNH.M.5,Los Angeles
LS.LA.WES.M.2,Los Angeles
LS.LA.WES.M.3,Los Angeles
LS.LA.WES.M.4,Los Angeles
LS.LA.WES.M.5,Los Angeles
LS.MN.L01-LS.M.1,Minneapolis
LS.MN.L01-LS.M.2,Minneapolis
LS.MN.L01-LS.M.4,Minneapolis
LS.MN.L01-LS.U.1,Minneapolis
LS.MN.L01-LS.U.2,Minneapolis
LS.MN.L01-LS.U.3,Minneapolis
LS.MN.L01-LS.U.4,Minneapolis
LS.MN.L02-LS.U.1,Minneapolis
LS.MN.L03-LS.U.2,Minneapolis
LS.MN.L04-LS.U.2,Minneapolis
LS.MN.L05-LS.U.1,Minneapolis
LS.MN.L05-LS.U.2,Minneapolis
LS.MN.L05-LS.U.3,Minneapolis
LS.MN.L05-LS.U.4,Minneapolis
LS.MN.L05-LS.U.5,Minneapolis
LS.MN.L06-LS.U.2,Minneapolis
LS.MN.L06-LS.U.4,Minneapolis
LS.MN.L06-LS.U.5,Minneapolis
LS.MN.L07-LS.U.2,Minneapolis
LS.MN.L07-LS.U.4,Minneapolis
LS.MN.L07-LS.U.5,Minneapolis
LS.MN.L08-LS.U.1,Minneapolis
LS.MN.L08-LS.U.2,Minneapolis
LS.MN.L08-LS.U.3,Minneapolis
LS.MN.L08-LS.U.5,Minneapolis
LS.MN.L09-LS.U.3,Minneapolis
LS.MN.L09-LS.U.5,Minneapolis
LS.MN.L10-LS.U.1,Minneapolis
LS.MN.L10-LS.U.2,Minneapolis
LS.MN.L11-LS.U.1,Minneapolis
LS.PX.ALA.M.2,Phoenix
LS.PX.ALA.M.3,Phoenix
LS.PX.ALA.M.4,Phoenix
LS.PX.ALA.M.5,Phoenix
LS.PX.ALA.M.6,Phoenix
LS.PX.COY.M.3,Phoenix
LS.PX.COY.M.4,Phoenix
LS.PX.COY.M.5,Phoenix
LS.PX.DOW.M.2,Phoenix
LS.PX.DOW.M.3,Phoenix
LS.PX.DOW.M.4,Phoenix
LS.PX.ENC.M.2,Phoenix
LS.PX.ENC.M.4,Phoenix
LS.PX.ENC.M.5,Phoenix
LS.PX.LAP.M.1,Phoenix
LS.PX.LAP.M.2,Phoenix
LS.PX.MAN.M.1,Phoenix
LS.PX.MAN.M.2,Phoenix
LS.PX.MAN.M.3,Phoenix
LS.PX.MAN.M.4,Phoenix
LS.PX.MAN.M.5,Phoenix
LS.PX.MON.U.2,Phoenix
LS.PX.MON.U.3,Phoenix
LS.PX.MON.U.5,Phoenix
LS.PX.MON.U.7,Phoenix
LS.PX.NUE.M.1,Phoenix
LS.PX.NUE.M.3,Phoenix
LS.PX.PAL.M.1,Phoenix
LS.PX.PAL.M.2,Phoenix
LS.PX.PAL.M.3,Phoenix
LS.PX.PAL.M.5,Phoenix
LS.PX.PIE.M.2,Phoenix
LS.PX.PIE.M.4,Phoenix
LS.PX.PIE.M.5,Phoenix
LS.PX.PKW.U.1,Phoenix
LS.PX.PKW.U.3,Phoenix
LS.PX.PKW.U.5,Phoenix
LS.PX.RPL.U.2,Phoenix
LS.PX.RPL.U.3,Phoenix
LS.PX.RPL.U.5,Phoenix
PA.BA.AA.U.1,Baltimore
PA.BA.AA.U.2,Baltimore
PA.BA.AA.U.3,Baltimore
PA.BA.AA.U.4,Baltimore
PA.BA.AA.U.5,Baltimore
PA.BA.LA.U.1,Baltimore
PA.BA.LA.U.2,Baltimore
PA.BA.LA.U.3,Baltimore
PA.BA.LA.U.5,Baltimore
PA.BA.LH-2.M.1,Baltimore
PA.BA.LH-2.M.2,Baltimore
PA.BA.LH-2.M.3,Baltimore
PA.BA.LH-2.M.4,Baltimore
PA.BA.LH-2.M.5,Baltimore
PA.BA.LH-3.M.1,Baltimore
PA.BA.LH-3.M.2,Baltimore
PA.BA.LH-3.M.3,Baltimore
PA.BA.LH-3.M.4,Baltimore
PA.BA.LH-3.M.5,Baltimore
PA.BA.LL-3.M.1,Baltimore
PA.BA.LL-3.M.2,Baltimore
PA.BA.LL-3.M.3,Baltimore
PA.BA.LL-3.M.4,Baltimore
PA.BA.LL-3.M.5,Baltimore
PA.BA.LL-4.M.1,Baltimore
PA.BA.LL-4.M.2,Baltimore
PA.BA.LL-4.M.3,Baltimore
PA.BA.LL-4.M.4,Baltimore
PA.BA.PIK.U.1,Baltimore
PA.BA.PIK.U.3,Baltimore
PA.BA.PIK.U.4,Baltimore
PA.BA.PIK.U.5,Baltimore
PA.BA.PSP.M.2,Baltimore
PA.BA.RG-1.M.1,Baltimore
PA.BA.RG-1.M.2,Baltimore
PA.BA.RG-1.M.3,Baltimore
PA.BA.RG-1.M.4,Baltimore
PA.BA.RG-1.M.5,Baltimore
PA.BA.RG-2.M.2,Baltimore
PA.BA.RG-2.M.4,Baltimore
PA.BA.W3.M.2,Baltimore
PA.BA.W3.M.3,Baltimore
PA.BA.W3.M.4,Baltimore
PA.BA.WB.U.1,Baltimore
PA.BA.WB.U.2,Baltimore
PA.BA.WB.U.3,Baltimore
PA.BA.WB.U.4,Baltimore
PA.BA.WGP.M.1,Baltimore
PA.BA.WGP.M.2,Baltimore
PA.BA.WGP.M.3,Baltimore
PA.BA.WGP.M.4,Baltimore
PA.BA.WGP.M.5,Baltimore
PA.BO.HC1.M.1,Boston
PA.BO.HC1.M.2,Boston
PA.BO.HC1.M.3,Boston
PA.BO.HC1.M.4,Boston
PA.BO.HC1.M.5,Boston
PA.BO.HC2.M.1,Boston
PA.BO.HC2.M.2,Boston
PA.BO.HC2.M.4,Boston
PA.BO.HC2.M.5,Boston
PA.BO.HC4.M.1,Boston
PA.BO.HC4.M.3,Boston
PA.BO.HC4.M.4,Boston
PA.BO.HC4.M.5,Boston
PA.BO.I1.U.1,Boston
PA.BO.I1.U.2,Boston
PA.BO.I1.U.3,Boston
PA.BO.I1.U.4,Boston
PA.BO.I1.U.5,Boston
PA.BO.I2.U.2,Boston
PA.BO.I2.U.3,Boston
PA.BO.I2.U.4,Boston
PA.BO.I2.U.5,Boston
PA.BO.I4.U.2,Boston
PA.BO.I4.U.4,Boston
PA.BO.LC1.M.2,Boston
PA.BO.LC2.M.1,Boston
PA.BO.LC2.M.2,Boston
PA.BO.LC2.M.3,Boston
PA.BO.LC2.M.4,Boston
PA.BO.LC2.M.5,Boston
PA.BO.LC3.M.2,Boston
PA.BO.LC3.M.3,Boston
PA.BO.LC3.M.4,Boston
PA.BO.LC4.M.1,Boston
PA.BO.LC4.M.2,Boston
PA.BO.LC4.M.4,Boston
PA.BO.R1.U.1,Boston
PA.BO.R1.U.2,Boston
PA.BO.R1.U.4,Boston
PA.BO.R1.U.5,Boston
PA.BO.R3.U.1,Boston
PA.BO.R3.U.2,Boston
PA.BO.R3.U.3,Boston
PA.BO.R3.U.4,Boston
PA.BO.R4.U.2,Boston
PA.BO.R4.U.3,Boston
PA.BO.R4.U.4,Boston
PA.BO.WL1.M.1,Boston
PA.BO.WL1.M.2,Boston
PA.BO.WL1.M.3,Boston
PA.BO.WL1.M.4,Boston
PA.BO.WL2.M.1,Boston
PA.BO.WL2.M.2,Boston
PA.BO.WL2.M.4,Boston
PA.BO.WL2.M.5,Boston
PA.BO.WL3.M.1,Boston
PA.BO.WL3.M.2,Boston
PA.BO.WL3.M.4,Boston
PA.BO.WL4.M.1,Boston
PA.BO.WL4.M.3,Boston
PA.BO.WL4.M.4,Boston
PA.BO.WL4.M.5,Boston
PA.LA.ALL.M.4,Los Angeles
PA.LA.ALL.M.5,Los Angeles
PA.LA.GLO.M.2,Los Angeles
PA.LA.GLO.M.3,Los Angeles
PA.LA.GLO.M.4,Los Angeles
PA.LA.GLO.M.5,Los Angeles
PA.LA.KIN.M.2,Los Angeles
PA.LA.KIN.M.4,Los Angeles
PA.LA.KIN.M.5,Los Angeles
PA.LA.LUB.M.1,Los Angeles
PA.LA.LUB.M.2,Los Angeles
PA.LA.LUB.M.4,Los Angeles
PA.LA.LUB.M.5,Los Angeles
PA.LA.NWH.M.1,Los Angeles
PA.LA.NWH.M.2,Los Angeles
PA.LA.NWH.M.3,Los Angeles
PA.LA.NWH.M.4,Los Angeles
PA.LA.NWH.M.5,Los Angeles
PA.LA.POP.M.1,Los Angeles
PA.LA.POP.M.3,Los Angeles
PA.LA.POP.M.4,Los Angeles
PA.LA.POP.M.5,Los Angeles
PA.LA.ROS.M.1,Los Angeles
PA.LA.ROS.M.3,Los Angeles
PA.LA.ROS.M.4,Los Angeles
PA.LA.ROS.M.5,Los Angeles
PA.LA.SEP.M.1,Los Angeles
PA.LA.SEP.M.2,Los Angeles
PA.LA.SEP.M.4,Los Angeles
PA.LA.SEP.M.5,Los Angeles
PA.LA.WHI.M.2,Los Angeles
PA.LA.WHI.M.3,Los Angeles
PA.LA.WHI.M.4,Los Angeles
PA.LA.WHI.M.5,Los Angeles
PA.LA.ZOO.M.1,Los Angeles
PA.LA.ZOO.M.3,Los Angeles
PA.LA.ZOO.M.4,Los Angeles
PA.LA.ZOO.M.5,Los Angeles
PA.MN.L01-TO_PA.M.4,Minneapolis
PA.MN.L01-TO_PA.M.5,Minneapolis
PA.PX.ALA.M.1,Phoenix
PA.PX.ALA.M.2,Phoenix
PA.PX.ALA.M.3,Phoenix
PA.PX.ALA.M.5,Phoenix
PA.PX.BUF.M.1,Phoenix
PA.PX.BUF.M.2,Phoenix
PA.PX.BUF.M.3,Phoenix
PA.PX.BUF.M.4,Phoenix
PA.PX.COY.M.1,Phoenix
PA.PX.DF1.M.2,Phoenix
PA.PX.DF1.M.5,Phoenix
PA.PX.ENC.M.2,Phoenix
PA.PX.ENC.M.3,Phoenix
PA.PX.ENC.M.4,Phoenix
PA.PX.ENC.M.5,Phoenix
PA.PX.LAP.M.1,Phoenix
PA.PX.LAP.M.2,Phoenix
PA.PX.LAP.M.4,Phoenix
PA.PX.LAP.M.5,Phoenix
PA.PX.PAP.M.1,Phoenix
PA.PX.PAP.M.2,Phoenix
PA.PX.PAP.M.3,Phoenix
PA.PX.PAP.M.4,Phoenix
PA.PX.PAP.M.5,Phoenix
PA.PX.PIE.M.1,Phoenix
PA.PX.PIE.M.4,Phoenix
PA.PX.RPP.U.1,Phoenix
PA.PX.RPP.U.2,Phoenix
PA.PX.RPP.U.3,Phoenix
PA.PX.RPP.U.5,Phoenix
TE.LA.ALL.M.1,Los Angeles
TE.LA.ALL.M.2,Los Angeles
TE.LA.ALL.M.3,Los Angeles
TO.BA.AA.U.2,Baltimore
TO.BA.AA.U.3,Baltimore
TO.BA.AA.U.5,Baltimore
TO.BA.CP.U.1,Baltimore
TO.BA.CP.U.2,Baltimore
TO.BA.CP.U.3,Baltimore
TO.BA.CP.U.4,Baltimore
TO.BA.DHI.U.2,Baltimore
TO.BA.DHI.U.5,Baltimore
TO.BA.FH.U.1,Baltimore
TO.BA.FH.U.2,Baltimore
TO.BA.FH.U.4,Baltimore
TO.BA.FH.U.5,Baltimore
TO.BA.GA.U.1,Baltimore
TO.BA.GA.U.2,Baltimore
TO.BA.GA.U.3,Baltimore
TO.BA.GA.U.4,Baltimore
TO.BA.GA.U.5,Baltimore
TO.BA.LH-1.M.2,Baltimore
TO.BA.LH-1.M.4,Baltimore
TO.BA.LH-1.M.5,Baltimore
TO.BA.LH-2.M.1,Baltimore
TO.BA.LH-2.M.2,Baltimore
TO.BA.LH-2.M.3,Baltimore
TO.BA.LH-2.M.4,Baltimore
TO.BA.LH-3.M.2,Baltimore
TO.BA.LH-3.M.4,Baltimore
TO.BA.LH-3.M.5,Baltimore
TO.BA.LL-3.M.1,Baltimore
TO.BA.LL-3.M.2,Baltimore
TO.BA.LL-3.M.4,Baltimore
TO.BA.ML.U.1,Baltimore
TO.BA.ML.U.2,Baltimore
TO.BA.ML.U.3,Baltimore
TO.BA.ML.U.5,Baltimore
TO.BA.PIK.U.2,Baltimore
TO.BA.PIK.U.3,Baltimore
TO.BA.PIK.U.4,Baltimore
TO.BA.PIK.U.5,Baltimore
TO.BA.PSP.M.1,Baltimore
TO.BA.PSP.M.2,Baltimore
TO.BA.PSP.M.4,Baltimore
TO.BA.RG-1.M.2,Baltimore
TO.BA.RG-1.M.4,Baltimore
TO.BA.RG-1.M.5,Baltimore
TO.BA.RG-2.M.1,Baltimore
TO.BA.RG-2.M.2,Baltimore
TO.BA.RG-2.M.4,Baltimore
TO.BA.RG-2.M.5,Baltimore
TO.BA.TRC.U.1,Baltimore
TO.BA.TRC.U.2,Baltimore
TO.BA.TRC.U.3,Baltimore
TO.BA.W3.M.2,Baltimore
TO.BA.W3.M.3,Baltimore
TO.BA.W3.M.4,Baltimore
TO.BA.W3.M.5,Baltimore
TO.BA.WB.U.1,Baltimore
TO.BA.WB.U.2,Baltimore
TO.BA.WB.U.4,Baltimore
TO.BA.WBO.U.2,Baltimore
TO.BA.WBO.U.4,Baltimore
TO.BA.WGP.M.1,Baltimore
TO.BA.WGP.M.3,Baltimore
TO.BA.WGP.M.5,Baltimore
TO.BO.HC1.M.1,Boston
TO.BO.HC1.M.2,Boston
TO.BO.HC1.M.3,Boston
TO.BO.HC1.M.4,Boston
TO.BO.HC2.M.1,Boston
TO.BO.HC2.M.3,Boston
TO.BO.HC2.M.4,Boston
TO.BO.HC2.M.5,Boston
TO.BO.HC3.M.1,Boston
TO.BO.HC3.M.2,Boston
TO.BO.HC3.M.3,Boston
TO.BO.HC3.M.4,Boston
TO.BO.HC4.M.4,Boston
TO.BO.HC4.M.5,Boston
TO.BO.I1.U.1,Boston
TO.BO.I1.U.2,Boston
TO.BO.I1.U.3,Boston
TO.BO.I1.U.5,Boston
TO.BO.I2.U.2,Boston
TO.BO.I2.U.3,Boston
TO.BO.I2.U.4,Boston
TO.BO.I2.U.5,Boston
TO.BO.I3.U.1,Boston
TO.BO.I3.U.2,Boston
TO.BO.I3.U.4,Boston
TO.BO.I4.U.2,Boston
TO.BO.I4.U.4,Boston
TO.BO.LC1.M.1,Boston
TO.BO.LC1.M.2,Boston
TO.BO.LC1.M.4,Boston
TO.BO.LC2.M.1,Boston
TO.BO.LC2.M.2,Boston
TO.BO.LC2.M.3,Boston
TO.BO.LC2.M.5,Boston
TO.BO.LC3.M.1,Boston
TO.BO.LC3.M.5,Boston
TO.BO.LC4.M.1,Boston
TO.BO.LC4.M.2,Boston
TO.BO.LC4.M.3,Boston
TO.BO.LC4.M.5,Boston
TO.BO.R2.U.2,Boston
TO.BO.R4.U.1,Boston
TO.BO.R4.U.2,Boston
TO.BO.R4.U.3,Boston
TO.BO.R4.U.4,Boston
TO.BO.R4.U.5,Boston
TO.BO.WL1.M.2,Boston
TO.BO.WL1.M.3,Boston
TO.BO.WL1.M.4,Boston
TO.BO.WL1.M.5,Boston
TO.BO.WL2.M.1,Boston
TO.BO.WL2.M.3,Boston
TO.BO.WL3.M.1,Boston
TO.BO.WL3.M.2,Boston
TO.BO.WL3.M.3,Boston
TO.BO.WL3.M.4,Boston
TO.BO.WL3.M.5,Boston
TO.BO.WL4.M.1,Boston
TO.BO.WL4.M.2,Boston
TO.BO.WL4.M.3,Boston
TO.BO.WL4.M.5,Boston
TO.LA.COM.M.1,Los Angeles
TO.LA.COM.M.2,Los Angeles
TO.LA.COM.M.3,Los Angeles
TO.LA.COM.M.4,Los Angeles
TO.LA.GLO.M.2,Los Angeles
TO.LA.GLO.M.5,Los Angeles
TO.LA.HAR.M.4,Los Angeles
TO.LA.MR1.M.1,Los Angeles
TO.LA.MR1.M.2,Los Angeles
TO.LA.MR1.M.3,Los Angeles
TO.LA.MR1.M.4,Los Angeles
TO.LA.NWH.M.1,Los Angeles
TO.LA.NWH.M.3,Los Angeles
TO.LA.NWH.M.4,Los Angeles
TO.LA.PEP.M.1,Los Angeles
TO.LA.PEP.M.3,Los Angeles
TO.LA.PEP.M.5,Los Angeles
TO.LA.RID.M.1,Los Angeles
TO.LA.ROS.M.1,Los Angeles
TO.LA.ROS.M.3,Los Angeles
TO.LA.STC.M.3,Los Angeles
TO.LA.STC.M.5,Los Angeles
TO.LA.VNS.M.2,Los Angeles
TO.LA.VNS.M.3,Los Angeles
TO.LA.VNS.M.5,Los Angeles
TO.LA.WHI.M.5,Los Angeles
TO.LA.ZOO.M.1,Los Angeles
TO.LA.ZOO.M.3,Los Angeles
TO.LA.ZOO.M.6,Los Angeles
TO.MN.L01-TO.PA.M.1,Minneapolis
TO.MN.L01-TO.PA.M.3,Minneapolis
TO.MN.L01-TO.PA.M.4,Minneapolis
TO.MN.L01-TO.PA.M.5,Minneapolis
TO.MN.L01-TO.U.2,Minneapolis
TO.MN.L01-TO.U.4,Minneapolis
TO.MN.L01-TO.U.5,Minneapolis
TO.MN.L02-TO.M.1,Minneapolis
TO.MN.L02-TO.M.3,Minneapolis
TO.MN.L02-TO.M.4,Minneapolis
TO.MN.L02-TO.U.1,Minneapolis
TO.MN.L02-TO.U.2,Minneapolis
TO.MN.L02-TO.U.3,Minneapolis
TO.MN.L02-TO.U.4,Minneapolis
TO.MN.L03-TO.M.1,Minneapolis
TO.MN.L03-TO.M.2,Minneapolis
TO.MN.L03-TO.M.4,Minneapolis
TO.MN.L03-TO.U.3,Minneapolis
TO.MN.L03-TO.U.4,Minneapolis
TO.MN.L03-TO.U.5,Minneapolis
TO.MN.L04-TO.M.2,Minneapolis
TO.MN.L04-TO.M.4,Minneapolis
TO.MN.L04-TO.M.5,Minneapolis
TO.MN.L04-TO.U.1,Minneapolis
TO.MN.L04-TO.U.3,Minneapolis
TO.MN.L04-TO.U.5,Minneapolis
TO.MN.L05-TO.M.1,Minneapolis
TO.MN.L05-TO.M.2,Minneapolis
TO.MN.L05-TO.M.3,Minneapolis
TO.MN.L05-TO.M.5,Minneapolis
TO.MN.L05-TO.U.1,Minneapolis
TO.MN.L05-TO.U.2,Minneapolis
TO.MN.L05-TO.U.3,Minneapolis
TO.MN.L05-TO.U.4,Minneapolis
TO.MN.L05-TO.U.5,Minneapolis
TO.MN.L06-TO.M.2,Minneapolis
TO.MN.L06-TO.M.3,Minneapolis
TO.MN.L06-TO.M.5,Minneapolis
TO.MN.L06-TO.U.2,Minneapolis
TO.MN.L06-TO.U.3,Minneapolis
TO.MN.L06-TO.U.4,Minneapolis
TO.MN.L06-TO.U.5,Minneapolis
TO.MN.L07-TO.M.2,Minneapolis
TO.MN.L07-TO.M.3,Minneapolis
TO.MN.L07-TO.M.4,Minneapolis
TO.MN.L07-TO.M.5,Minneapolis
TO.MN.L07-TO.U.1,Minneapolis
TO.MN.L07-TO.U.2,Minneapolis
TO.MN.L07-TO.U.3,Minneapolis
TO.MN.L07-TO.U.5,Minneapolis
TO.MN.L08-TO.M.1,Minneapolis
TO.MN.L08-TO.M.2,Minneapolis
TO.MN.L08-TO.M.4,Minneapolis
TO.MN.L08-TO.M.5,Minneapolis
TO.MN.L08-TO.U.2,Minneapolis
TO.MN.L08-TO.U.3,Minneapolis
TO.MN.L08-TO.U.4,Minneapolis
TO.MN.L08-TO.U.5,Minneapolis
TO.MN.L09-TO.M.1,Minneapolis
TO.MN.L09-TO.M.2,Minneapolis
TO.MN.L09-TO.M.4,Minneapolis
TO.MN.L09-TO.M.5,Minneapolis
TO.MN.L09-TO.U.2,Minneapolis
TO.MN.L09-TO.U.4,Minneapolis
TO.MN.L09-TO.U.5,Minneapolis
TO.MN.L10-TO.M.1,Minneapolis
TO.MN.L10-TO.M.3,Minneapolis
TO.MN.L10-TO.M.4,Minneapolis
TO.MN.L10-TO.U.1,Minneapolis
TO.MN.L10-TO.U.2,Minneapolis
TO.MN.L10-TO.U.3,Minneapolis
TO.MN.L10-TO.U.4,Minneapolis
TO.MN.L11-TO.M.1,Minneapolis
TO.MN.L11-TO.M.2,Minneapolis
TO.MN.L11-TO.M.3,Minneapolis
TO.MN.L11-TO.M.5,Minneapolis
TO.MN.L11-TO.U.1,Minneapolis
TO.MN.L11-TO.U.3,Minneapolis
TO.MN.L11-TO.U.4,Minneapolis
TO.PX.ALA.M.2,Phoenix
TO.PX.ALA.M.3,Phoenix
TO.PX.ALA.M.4,Phoenix
TO.PX.ALA.M.5,Phoenix
TO.PX.BUF.M.1,Phoenix
TO.PX.BUF.M.2,Phoenix
TO.PX.CLA.M.1,Phoenix
TO.PX.COY.M.1,Phoenix
TO.PX.COY.M.3,Phoenix
TO.PX.COY.M.6,Phoenix
TO.PX.DF1.M.1,Phoenix
TO.PX.DF2.M.1,Phoenix
TO.PX.LAP.M.3,Phoenix
TO.PX.LAP.M.4,Phoenix
TO.PX.WES.M.1,Phoenix
TO.PX.WES.M.2,Phoenix
